datetime;seconds;action;model;item_type;id;sender_user;sender_agent;sender_id;document;portal;container;x;y;rotation;scale;text;value;
"2019-10-08T12:42:56.451Z";"1609.27";"create";"meetings";;"ed97ab5f-bacb-4e1c-b314-5826c4035702";"mignotch";"UbikeyOfficeVertical/1.4.4 (HALLNUMSTA02)";"863a4d1b-37ff-43d6-b41b-58c754d45f79";;;;;;;;;;
"2019-10-08T12:43:30.141Z";"1642.96";"create";"documents";;"a3c234c3-fddb-42d4-b004-5ad4f50b8f8e";"mignotch";"UbikeyOfficeVertical/1.4.4 (HALLNUMSTA02)";"863a4d1b-37ff-43d6-b41b-58c754d45f79";;;;;;;;;;
"2019-10-08T12:43:30.294Z";"1643.113";"create";"items";"DiagramLayer";"c4a43418-83af-4fc9-b383-fa664f36d44f";"mignotch";"UbikeyOfficeVertical/1.4.4 (HALLNUMSTA02)";"863a4d1b-37ff-43d6-b41b-58c754d45f79";"a3c234c3-fddb-42d4-b004-5ad4f50b8f8e";;;;;;;;;
"2019-10-08T12:43:30.350Z";"1643.169";"create";"items";"ImageLayer";"057f6f76-5804-4a7f-be84-e4d75a7d113c";"mignotch";"UbikeyOfficeVertical/1.4.4 (HALLNUMSTA02)";"863a4d1b-37ff-43d6-b41b-58c754d45f79";"a3c234c3-fddb-42d4-b004-5ad4f50b8f8e";;;;;;;;;
"2019-10-08T12:43:30.454Z";"1643.273";"create";"attachments";;"386a9e46-9e1f-4013-8182-75c2ba001488";"mignotch";"UbikeyOfficeVertical/1.4.4 (HALLNUMSTA02)";"863a4d1b-37ff-43d6-b41b-58c754d45f79";;;;;;;;;;
"2019-10-08T12:43:30.509Z";"1643.328";"update";"items.Image";;"057f6f76-5804-4a7f-be84-e4d75a7d113c";"mignotch";"UbikeyOfficeVertical/1.4.4 (HALLNUMSTA02)";"863a4d1b-37ff-43d6-b41b-58c754d45f79";;;;;;;;;;
"2019-10-08T12:43:46.264Z";"1659.083";"update";"documents";;"a3c234c3-fddb-42d4-b004-5ad4f50b8f8e";"mignotch";"UbikeyOfficeVertical/1.4.4 (HALLNUMSTA02)";"863a4d1b-37ff-43d6-b41b-58c754d45f79";;;;;;;;;;
"2019-10-08T12:43:58.037Z";"1670.856";"update";"documents";;"a3c234c3-fddb-42d4-b004-5ad4f50b8f8e";"mignotch";"UbikeyOfficeVertical/1.4.4 (HALLNUMSTA02)";"863a4d1b-37ff-43d6-b41b-58c754d45f79";;;;;;;;;;
"2019-10-08T12:44:04.910Z";"1677.729";"update";"documents";;"a3c234c3-fddb-42d4-b004-5ad4f50b8f8e";"mignotch";"UbikeyOfficeVertical/1.4.4 (HALLNUMSTA02)";"863a4d1b-37ff-43d6-b41b-58c754d45f79";;;;;;;;;;
"2019-10-08T12:45:45.320Z";"1778.139";"create";"items";"Postit";"f973e81e-e42f-4829-9bbe-b7cd9f65a09b";"mignotch";"UbikeyOfficeVertical/1.4.4 (HALLNUMSTA02)";"863a4d1b-37ff-43d6-b41b-58c754d45f79";"3cd2392d-3ff0-43af-885e-01e5d10f32a7";;"b4756395-5c81-4528-b55d-3ee5546f374a";"1977.9";"871.5";"0";"1.0";"";;
"2019-10-08T12:45:45.893Z";"1778.712";"update";"items.Transform";;"f973e81e-e42f-4829-9bbe-b7cd9f65a09b";"mignotch";"UbikeyOfficeVertical/1.4.4 (HALLNUMSTA02)";"863a4d1b-37ff-43d6-b41b-58c754d45f79";;;;"1877.9";"807.5";"0";"1.0";;;
"2019-10-08T12:46:19.098Z";"1811.917";"update";"items.Size";;"f973e81e-e42f-4829-9bbe-b7cd9f65a09b";"mignotch";"UbikeyOfficeVertical/1.4.4 (HALLNUMSTA02)";"863a4d1b-37ff-43d6-b41b-58c754d45f79";;;;;;;;;"224,144";
"2019-10-08T12:46:19.100Z";"1811.919";"update";"items.Style";;"f973e81e-e42f-4829-9bbe-b7cd9f65a09b";"mignotch";"UbikeyOfficeVertical/1.4.4 (HALLNUMSTA02)";"863a4d1b-37ff-43d6-b41b-58c754d45f79";;;;;;;;;"CirclePostit";
"2019-10-08T12:46:24.279Z";"1817.098";"update";"items.Transform";;"f973e81e-e42f-4829-9bbe-b7cd9f65a09b";"mignotch";"UbikeyOfficeVertical/1.4.4 (HALLNUMSTA02)";"863a4d1b-37ff-43d6-b41b-58c754d45f79";;;;"1434.5";"510.1";"0";"4.0";;;
"2019-10-08T12:46:34.346Z";"1827.165";"update";"items.Transform";;"f973e81e-e42f-4829-9bbe-b7cd9f65a09b";"mignotch";"UbikeyOfficeVertical/1.4.4 (HALLNUMSTA02)";"863a4d1b-37ff-43d6-b41b-58c754d45f79";;;;"1465.8";"533.1";"0";"3.6";;;
"2019-10-08T12:46:55.991Z";"1848.81";"create";"items";"Postit";"fb9037cc-528a-446b-9e60-967d660c5db0";"mignotch";"UbikeyOfficeVertical/1.4.4 (HALLNUMSTA02)";"863a4d1b-37ff-43d6-b41b-58c754d45f79";"3cd2392d-3ff0-43af-885e-01e5d10f32a7";;"b4756395-5c81-4528-b55d-3ee5546f374a";"2125.8";"1032.4";"0";"1.0";"";;
"2019-10-08T12:46:48.711Z";"1841.53";"update";"items.Text";;"f973e81e-e42f-4829-9bbe-b7cd9f65a09b";"mignotch";"UbikeyOfficeVertical/1.4.4 (HALLNUMSTA02)";"863a4d1b-37ff-43d6-b41b-58c754d45f79";;;;;;;;"Objectif 680g";;
"2019-10-08T12:47:22.842Z";"1875.661";"update";"items.Transform";;"f973e81e-e42f-4829-9bbe-b7cd9f65a09b";"mignotch";"UbikeyOfficeVertical/1.4.4 (HALLNUMSTA02)";"863a4d1b-37ff-43d6-b41b-58c754d45f79";;;;"638.6";"502.4";"0";"3.6";;;
"2019-10-08T12:47:28.421Z";"1881.24";"create";"documents";;"c0f71c5d-0607-44a5-8291-bf43ba51a743";"mignotch";"UbikeyOfficeVertical/1.4.4 (HALLNUMSTA02)";"863a4d1b-37ff-43d6-b41b-58c754d45f79";;;;;;;;;;
"2019-10-08T12:47:28.524Z";"1881.343";"create";"items";"DiagramLayer";"5139f7e7-51c8-4495-a9a4-30969cba1e34";"mignotch";"UbikeyOfficeVertical/1.4.4 (HALLNUMSTA02)";"863a4d1b-37ff-43d6-b41b-58c754d45f79";"c0f71c5d-0607-44a5-8291-bf43ba51a743";;;;;;;;;
"2019-10-08T12:47:28.579Z";"1881.398";"create";"items";"ImageLayer";"7e715231-3be3-4708-a7be-03a960cbc0dd";"mignotch";"UbikeyOfficeVertical/1.4.4 (HALLNUMSTA02)";"863a4d1b-37ff-43d6-b41b-58c754d45f79";"c0f71c5d-0607-44a5-8291-bf43ba51a743";;;;;;;;;
"2019-10-08T12:47:18.424Z";"1871.243";"update";"items.Text";;"fb9037cc-528a-446b-9e60-967d660c5db0";"mignotch";"UbikeyOfficeVertical/1.4.4 (HALLNUMSTA02)";"863a4d1b-37ff-43d6-b41b-58c754d45f79";;;;;;;;"cart";;
"2019-10-08T12:47:36.488Z";"1889.307";"update";"items.Transform";;"fb9037cc-528a-446b-9e60-967d660c5db0";"mignotch";"UbikeyOfficeVertical/1.4.4 (HALLNUMSTA02)";"863a4d1b-37ff-43d6-b41b-58c754d45f79";;;;"1474.4";"1116.0";"0";"1.0";;;
"2019-10-08T12:47:39.877Z";"1892.696";"create";"items";"Postit";"a148b1b8-73bb-422d-9ad1-0db8c260b3d0";"mignotch";"UbikeyOfficeVertical/1.4.4 (HALLNUMSTA02)";"863a4d1b-37ff-43d6-b41b-58c754d45f79";"c0f71c5d-0607-44a5-8291-bf43ba51a743";;"5139f7e7-51c8-4495-a9a4-30969cba1e34";"900.0";"449.0";"0";"1.0";"";;
"2019-10-08T12:47:40.434Z";"1893.253";"update";"items.Transform";;"a148b1b8-73bb-422d-9ad1-0db8c260b3d0";"mignotch";"UbikeyOfficeVertical/1.4.4 (HALLNUMSTA02)";"863a4d1b-37ff-43d6-b41b-58c754d45f79";;;;"800.0";"385.0";"0";"1.0";;;
"2019-10-08T12:47:47.051Z";"1899.87";"update";"items.Transform";;"fb9037cc-528a-446b-9e60-967d660c5db0";"mignotch";"UbikeyOfficeVertical/1.4.4 (HALLNUMSTA02)";"863a4d1b-37ff-43d6-b41b-58c754d45f79";;;;"1474.4";"1116.0";"0";"1.0";;;
"2019-10-08T12:47:48.499Z";"1901.318";"update";"items.Transform";;"a148b1b8-73bb-422d-9ad1-0db8c260b3d0";"mignotch";"UbikeyOfficeVertical/1.4.4 (HALLNUMSTA02)";"863a4d1b-37ff-43d6-b41b-58c754d45f79";;;;"815.8";"384.9";"0";"1.0";;;
"2019-10-08T12:47:55.243Z";"1908.062";"update";"items.Text";;"a148b1b8-73bb-422d-9ad1-0db8c260b3d0";"mignotch";"UbikeyOfficeVertical/1.4.4 (HALLNUMSTA02)";"863a4d1b-37ff-43d6-b41b-58c754d45f79";;;;;;;;"le";;
"2019-10-08T12:48:06.392Z";"1919.211";"update";"items.Text";;"fb9037cc-528a-446b-9e60-967d660c5db0";"mignotch";"UbikeyOfficeVertical/1.4.4 (HALLNUMSTA02)";"863a4d1b-37ff-43d6-b41b-58c754d45f79";;;;;;;;"cartable 700g";;
"2019-10-08T12:48:24.344Z";"1937.163";"update";"items.Color";;"fb9037cc-528a-446b-9e60-967d660c5db0";"mignotch";"UbikeyOfficeVertical/1.4.4 (HALLNUMSTA02)";"863a4d1b-37ff-43d6-b41b-58c754d45f79";;;;;;;;;"#FFCE88FF";
"2019-10-08T12:48:27.061Z";"1939.88";"update";"items.Transform";;"fb9037cc-528a-446b-9e60-967d660c5db0";"mignotch";"UbikeyOfficeVertical/1.4.4 (HALLNUMSTA02)";"863a4d1b-37ff-43d6-b41b-58c754d45f79";;;;"606.3";"883.3";"0";"1.0";;;
"2019-10-08T12:48:56.321Z";"1969.14";"create";"items";"Postit";"405e1283-637c-4606-a284-b2a1c74df571";"mignotch";"UbikeyOfficeVertical/1.4.4 (HALLNUMSTA02)";"863a4d1b-37ff-43d6-b41b-58c754d45f79";"3cd2392d-3ff0-43af-885e-01e5d10f32a7";;"b4756395-5c81-4528-b55d-3ee5546f374a";"1004.4";"1089.0";"0";"1.0";"";;
"2019-10-08T12:49:20.638Z";"1993.457";"update";"items.Transform";;"405e1283-637c-4606-a284-b2a1c74df571";"mignotch";"UbikeyOfficeVertical/1.4.4 (HALLNUMSTA02)";"863a4d1b-37ff-43d6-b41b-58c754d45f79";;;;"904.4";"1025.0";"0";"1.0";;;
"2019-10-08T12:49:27.995Z";"2000.814";"update";"items.Color";;"405e1283-637c-4606-a284-b2a1c74df571";"mignotch";"UbikeyOfficeVertical/1.4.4 (HALLNUMSTA02)";"863a4d1b-37ff-43d6-b41b-58c754d45f79";;;;;;;;;"#FFCE88FF";
"2019-10-08T12:49:32.786Z";"2005.605";"update";"items.Transform";;"405e1283-637c-4606-a284-b2a1c74df571";"mignotch";"UbikeyOfficeVertical/1.4.4 (HALLNUMSTA02)";"863a4d1b-37ff-43d6-b41b-58c754d45f79";;;;"855.1";"973.6";"0";"1.0";;;
"2019-10-08T12:49:46.004Z";"2018.823";"update";"items.Transform";;"405e1283-637c-4606-a284-b2a1c74df571";"mignotch";"UbikeyOfficeVertical/1.4.4 (HALLNUMSTA02)";"863a4d1b-37ff-43d6-b41b-58c754d45f79";;;;"896.5";"978.6";"0";"1.0";;;
"2019-10-08T12:49:42.331Z";"2015.15";"update";"items.Text";;"405e1283-637c-4606-a284-b2a1c74df571";"mignotch";"UbikeyOfficeVertical/1.4.4 (HALLNUMSTA02)";"863a4d1b-37ff-43d6-b41b-58c754d45f79";;;;;;;;"trousses 480g";;
"2019-10-08T12:50:30.775Z";"2063.594";"create";"items";"Postit";"c12d3e08-66ba-42f9-8890-b3f182e4d028";"mignotch";"UbikeyOfficeVertical/1.4.4 (HALLNUMSTA02)";"863a4d1b-37ff-43d6-b41b-58c754d45f79";"3cd2392d-3ff0-43af-885e-01e5d10f32a7";;"b4756395-5c81-4528-b55d-3ee5546f374a";"1557.4";"886.0";"0";"1.0";"";;
"2019-10-08T12:51:10.311Z";"2103.13";"update";"items.Color";;"c12d3e08-66ba-42f9-8890-b3f182e4d028";"mignotch";"UbikeyOfficeVertical/1.4.4 (HALLNUMSTA02)";"863a4d1b-37ff-43d6-b41b-58c754d45f79";;;;;;;;;"#FFCE88FF";
"2019-10-08T12:51:10.622Z";"2103.441";"update";"items.Transform";;"a148b1b8-73bb-422d-9ad1-0db8c260b3d0";"mignotch";"UbikeyOfficeVertical/1.4.4 (HALLNUMSTA02)";"863a4d1b-37ff-43d6-b41b-58c754d45f79";;;;"772.8";"474.4";"0";"1.7";;;
"2019-10-08T12:51:17.493Z";"2110.312";"update";"items";"LayeredItem:DrawingLayer";"63bf8c48-8f59-4b10-9c26-528f79c438a3";"mignotch";"UbikeyOfficeVertical/1.4.4 (HALLNUMSTA02)";;;"2d27f093-4301-45a6-bdff-a5c72a46a878";;"1127.0";"209.0";"0";"1.0";;;
"2019-10-08T12:51:13.397Z";"2106.216";"create";"items";"LayeredItem";"63bf8c48-8f59-4b10-9c26-528f79c438a3";"mignotch";"UbikeyOfficeVertical/1.4.4 (HALLNUMSTA02)";"863a4d1b-37ff-43d6-b41b-58c754d45f79";"c0f71c5d-0607-44a5-8291-bf43ba51a743";;"5139f7e7-51c8-4495-a9a4-30969cba1e34";"1127.0";"209.0";"0";"1.0";;;
"2019-10-08T12:51:13.448Z";"2106.267";"create";"items";"DrawingLayer";"3a142182-c77a-4849-b25a-67082a9ecbb7";"mignotch";"UbikeyOfficeVertical/1.4.4 (HALLNUMSTA02)";"863a4d1b-37ff-43d6-b41b-58c754d45f79";"c0f71c5d-0607-44a5-8291-bf43ba51a743";;"63bf8c48-8f59-4b10-9c26-528f79c438a3";;;;;;;
"2019-10-08T12:51:18.811Z";"2111.63";"update";"items.Transform";;"c12d3e08-66ba-42f9-8890-b3f182e4d028";"mignotch";"UbikeyOfficeVertical/1.4.4 (HALLNUMSTA02)";"863a4d1b-37ff-43d6-b41b-58c754d45f79";;;;"1239.3";"910.3";"0";"1.0";;;
"2019-10-08T12:51:04.584Z";"2097.403";"update";"items.Text";;"a148b1b8-73bb-422d-9ad1-0db8c260b3d0";"mignotch";"UbikeyOfficeVertical/1.4.4 (HALLNUMSTA02)";"863a4d1b-37ff-43d6-b41b-58c754d45f79";;;;;;;;"le cartable est tr lourd";;
"2019-10-08T12:51:06.866Z";"2099.685";"update";"items.Text";;"c12d3e08-66ba-42f9-8890-b3f182e4d028";"mignotch";"UbikeyOfficeVertical/1.4.4 (HALLNUMSTA02)";"863a4d1b-37ff-43d6-b41b-58c754d45f79";;;;;;;;"carnet de liaison 310g";;
"2019-10-08T12:51:22.266Z";"2115.085";"create";"items";"Postit";"9478eba0-2d2a-40a9-b7b0-e03ae7ed5fd1";"mignotch";"UbikeyOfficeVertical/1.4.4 (HALLNUMSTA02)";"863a4d1b-37ff-43d6-b41b-58c754d45f79";"c0f71c5d-0607-44a5-8291-bf43ba51a743";;"5139f7e7-51c8-4495-a9a4-30969cba1e34";"1072.0";"317.0";"0";"1.0";"";;
"2019-10-08T12:51:26.712Z";"2119.531";"create";"items";"Postit";"f597da4e-0b92-4751-83ae-3a2310c31757";"mignotch";"UbikeyOfficeVertical/1.4.4 (HALLNUMSTA02)";"863a4d1b-37ff-43d6-b41b-58c754d45f79";"3cd2392d-3ff0-43af-885e-01e5d10f32a7";;"b4756395-5c81-4528-b55d-3ee5546f374a";"895.4";"1198.0";"0";"1.0";"";;
"2019-10-08T12:51:40.085Z";"2132.904";"create";"items";"Postit";"07ae853b-0573-4de3-82e7-13b669b7059b";"vversche";"UbiWebMobile/0.0.0";;;"b2d3dba8-6025-4325-81ce-23ca6610173c";;;;;;"L'élève doit ramener des devoirs à la maison";;
"2019-10-08T12:51:57.870Z";"2150.689";"update";"items";"LayeredItem:DrawingLayer";"db109e7f-176c-4ff0-a7f3-62dd8f126746";"mignotch";"UbikeyOfficeVertical/1.4.4 (HALLNUMSTA02)";;;"2d27f093-4301-45a6-bdff-a5c72a46a878";;"328.0";"236.0";"0";"1.0";;;
"2019-10-08T12:51:54.230Z";"2147.049";"update";"items.Transform";;"9478eba0-2d2a-40a9-b7b0-e03ae7ed5fd1";"mignotch";"UbikeyOfficeVertical/1.4.4 (HALLNUMSTA02)";"863a4d1b-37ff-43d6-b41b-58c754d45f79";;;;"211.9";"60.5";"0";"1.0";;;
"2019-10-08T12:51:56.116Z";"2148.935";"create";"items";"LayeredItem";"db109e7f-176c-4ff0-a7f3-62dd8f126746";"mignotch";"UbikeyOfficeVertical/1.4.4 (HALLNUMSTA02)";"863a4d1b-37ff-43d6-b41b-58c754d45f79";"c0f71c5d-0607-44a5-8291-bf43ba51a743";;"5139f7e7-51c8-4495-a9a4-30969cba1e34";"328.0";"236.0";"0";"1.0";;;
"2019-10-08T12:51:56.175Z";"2148.994";"create";"items";"DrawingLayer";"374f7970-1446-4192-8cd4-1ca369fbaceb";"mignotch";"UbikeyOfficeVertical/1.4.4 (HALLNUMSTA02)";"863a4d1b-37ff-43d6-b41b-58c754d45f79";"c0f71c5d-0607-44a5-8291-bf43ba51a743";;"db109e7f-176c-4ff0-a7f3-62dd8f126746";;;;;;;
"2019-10-08T12:51:57.817Z";"2150.636";"create";"items";"Postit";"f0949d37-aae0-4951-8f0d-8772e7108353";"mignotch";"UbiWebMobile/0.0.0";;;"b2d3dba8-6025-4325-81ce-23ca6610173c";;;;;;"Parce que e cartable contient beaucoup d'affaires";;
"2019-10-08T12:51:59.849Z";"2152.668";"create";"items";"Postit";"4450d7ba-14d4-46f5-8075-48efbc565db9";"mignotch";"UbikeyOfficeVertical/1.4.4 (HALLNUMSTA02)";"863a4d1b-37ff-43d6-b41b-58c754d45f79";"c0f71c5d-0607-44a5-8291-bf43ba51a743";;"5139f7e7-51c8-4495-a9a4-30969cba1e34";"393.0";"365.0";"0";"1.0";"";;
"2019-10-08T12:52:06.867Z";"2159.686";"update";"items";"Postit";"f0949d37-aae0-4951-8f0d-8772e7108353";"mignotch";"UbikeyOfficeVertical/1.4.4 (HALLNUMSTA02)";"863a4d1b-37ff-43d6-b41b-58c754d45f79";"3cd2392d-3ff0-43af-885e-01e5d10f32a7";;"b4756395-5c81-4528-b55d-3ee5546f374a";"1103.3";"746.0";"0";"1.0";"Parce que e cartable contient beaucoup d'affaires";;
"2019-10-08T12:52:08.907Z";"2161.726";"update";"items";"Postit";"f0949d37-aae0-4951-8f0d-8772e7108353";"mignotch";"UbikeyOfficeVertical/1.4.4 (HALLNUMSTA02)";"863a4d1b-37ff-43d6-b41b-58c754d45f79";"c0f71c5d-0607-44a5-8291-bf43ba51a743";;"5139f7e7-51c8-4495-a9a4-30969cba1e34";"23.8";"819.6";"0";"1.0";"Parce que e cartable contient beaucoup d'affaires";;
"2019-10-08T12:52:09.061Z";"2161.88";"update";"items";"Postit";"07ae853b-0573-4de3-82e7-13b669b7059b";"mignotch";"UbikeyOfficeVertical/1.4.4 (HALLNUMSTA02)";"863a4d1b-37ff-43d6-b41b-58c754d45f79";"3cd2392d-3ff0-43af-885e-01e5d10f32a7";;"b4756395-5c81-4528-b55d-3ee5546f374a";"1457.7";"468.8";"0";"1.0";"L'élève doit ramener des devoirs à la maison";;
"2019-10-08T12:52:11.056Z";"2163.875";"update";"items";"Postit";"07ae853b-0573-4de3-82e7-13b669b7059b";"mignotch";"UbikeyOfficeVertical/1.4.4 (HALLNUMSTA02)";"863a4d1b-37ff-43d6-b41b-58c754d45f79";"c0f71c5d-0607-44a5-8291-bf43ba51a743";;"5139f7e7-51c8-4495-a9a4-30969cba1e34";"101.6";"918.3";"0";"1.0";"L'élève doit ramener des devoirs à la maison";;
"2019-10-08T12:51:51.634Z";"2144.453";"update";"items.Text";;"9478eba0-2d2a-40a9-b7b0-e03ae7ed5fd1";"mignotch";"UbikeyOfficeVertical/1.4.4 (HALLNUMSTA02)";"863a4d1b-37ff-43d6-b41b-58c754d45f79";;;;;;;;"l'eleve doit ramener ses affaires a la maison ";;
"2019-10-08T12:52:13.466Z";"2166.285";"update";"items";"Postit";"4450d7ba-14d4-46f5-8075-48efbc565db9";"mignotch";"UbikeyOfficeVertical/1.4.4 (HALLNUMSTA02)";;;"2d27f093-4301-45a6-bdff-a5c72a46a878";;"393.0";"365.0";"0";"1.0";"";;
"2019-10-08T12:52:08.904Z";"2161.723";"update";"items.Transform";;"f0949d37-aae0-4951-8f0d-8772e7108353";"mignotch";"UbikeyOfficeVertical/1.4.4 (HALLNUMSTA02)";"863a4d1b-37ff-43d6-b41b-58c754d45f79";;;;"2150.2";"815.6";"0";"1.0";;;
"2019-10-08T12:52:15.666Z";"2168.485";"create";"items";"Postit";"5a48dd98-9643-454e-b90f-7d3e0d274412";"vversche";"UbiWebMobile/0.0.0";;;"b2d3dba8-6025-4325-81ce-23ca6610173c";;;;;;"Il y a une distance entre l'école et la maison";;
"2019-10-08T12:52:16.962Z";"2169.781";"update";"items.Transform";;"f0949d37-aae0-4951-8f0d-8772e7108353";"mignotch";"UbikeyOfficeVertical/1.4.4 (HALLNUMSTA02)";"863a4d1b-37ff-43d6-b41b-58c754d45f79";;;;"1088.3";"224.7";"0";"1.0";;;
"2019-10-08T12:52:19.585Z";"2172.404";"update";"items.Color";;"f597da4e-0b92-4751-83ae-3a2310c31757";"mignotch";"UbikeyOfficeVertical/1.4.4 (HALLNUMSTA02)";"863a4d1b-37ff-43d6-b41b-58c754d45f79";;;;;;;;;"#FFCE88FF";
"2019-10-08T12:52:21.005Z";"2173.824";"update";"items.Transform";;"9478eba0-2d2a-40a9-b7b0-e03ae7ed5fd1";"mignotch";"UbikeyOfficeVertical/1.4.4 (HALLNUMSTA02)";"863a4d1b-37ff-43d6-b41b-58c754d45f79";;;;"293.7";"27.1";"0";"1.0";;;
"2019-10-08T12:52:21.891Z";"2174.71";"update";"items.Transform";;"f597da4e-0b92-4751-83ae-3a2310c31757";"mignotch";"UbikeyOfficeVertical/1.4.4 (HALLNUMSTA02)";"863a4d1b-37ff-43d6-b41b-58c754d45f79";;;;"514.2";"588.4";"0";"1.0";;;
"2019-10-08T12:52:23.534Z";"2176.353";"update";"items.Transform";;"c12d3e08-66ba-42f9-8890-b3f182e4d028";"mignotch";"UbikeyOfficeVertical/1.4.4 (HALLNUMSTA02)";"863a4d1b-37ff-43d6-b41b-58c754d45f79";;;;"1239.3";"910.3";"0";"1.0";;;
"2019-10-08T12:52:31.053Z";"2183.872";"update";"items";"Postit";"9478eba0-2d2a-40a9-b7b0-e03ae7ed5fd1";"mignotch";"UbikeyOfficeVertical/1.4.4 (HALLNUMSTA02)";;;"2d27f093-4301-45a6-bdff-a5c72a46a878";;"293.7";"27.1";"0";"1.0";"l'eleve doit ramener ses affaires a la maison ";;
"2019-10-08T12:52:27.062Z";"2179.881";"update";"items.Transform";;"f0949d37-aae0-4951-8f0d-8772e7108353";"mignotch";"UbikeyOfficeVertical/1.4.4 (HALLNUMSTA02)";"863a4d1b-37ff-43d6-b41b-58c754d45f79";;;;"939.7";"18.9";"0";"1.0";;;
"2019-10-08T12:52:12.190Z";"2165.009";"update";"items.Text";;"4450d7ba-14d4-46f5-8075-48efbc565db9";"mignotch";"UbikeyOfficeVertical/1.4.4 (HALLNUMSTA02)";"863a4d1b-37ff-43d6-b41b-58c754d45f79";;;;;;;;"";;
"2019-10-08T12:52:30.130Z";"2182.949";"update";"items.Transform";;"9478eba0-2d2a-40a9-b7b0-e03ae7ed5fd1";"mignotch";"UbikeyOfficeVertical/1.4.4 (HALLNUMSTA02)";"863a4d1b-37ff-43d6-b41b-58c754d45f79";;;;"293.7";"27.1";"0";"1.0";;;
"2019-10-08T12:52:16.710Z";"2169.529";"update";"items.Text";;"f597da4e-0b92-4751-83ae-3a2310c31757";"mignotch";"UbikeyOfficeVertical/1.4.4 (HALLNUMSTA02)";"863a4d1b-37ff-43d6-b41b-58c754d45f79";;;;;;;;"cahier de texte 310g";;
"2019-10-08T12:52:32.194Z";"2185.013";"update";"items.Transform";;"07ae853b-0573-4de3-82e7-13b669b7059b";"mignotch";"UbikeyOfficeVertical/1.4.4 (HALLNUMSTA02)";"863a4d1b-37ff-43d6-b41b-58c754d45f79";;;;"414.8";"18.9";"0";"1.0";;;
"2019-10-08T12:52:34.114Z";"2186.933";"update";"items.Transform";;"f0949d37-aae0-4951-8f0d-8772e7108353";"mignotch";"UbikeyOfficeVertical/1.4.4 (HALLNUMSTA02)";"863a4d1b-37ff-43d6-b41b-58c754d45f79";;;;"723.9";"18.9";"0";"1.0";;;
"2019-10-08T12:52:21.944Z";"2174.763";"update";"items.Text";;"f0949d37-aae0-4951-8f0d-8772e7108353";"mignotch";"UbikeyOfficeVertical/1.4.4 (HALLNUMSTA02)";"863a4d1b-37ff-43d6-b41b-58c754d45f79";;;;;;;;"Parce que le cartable contient beaucoup d'affaires";;
"2019-10-08T12:52:46.938Z";"2199.757";"update";"items.Transform";;"07ae853b-0573-4de3-82e7-13b669b7059b";"mignotch";"UbikeyOfficeVertical/1.4.4 (HALLNUMSTA02)";"863a4d1b-37ff-43d6-b41b-58c754d45f79";;;;"431.2";"68.7";"0";"1.0";;;
"2019-10-08T12:52:49.256Z";"2202.075";"update";"items.Transform";;"f0949d37-aae0-4951-8f0d-8772e7108353";"mignotch";"UbikeyOfficeVertical/1.4.4 (HALLNUMSTA02)";"863a4d1b-37ff-43d6-b41b-58c754d45f79";;;;"721.2";"68.7";"0";"1.0";;;
"2019-10-08T12:52:36.465Z";"2189.284";"update";"items.Text";;"c12d3e08-66ba-42f9-8890-b3f182e4d028";"mignotch";"UbikeyOfficeVertical/1.4.4 (HALLNUMSTA02)";"863a4d1b-37ff-43d6-b41b-58c754d45f79";;;;;;;;"carnet de liaison 150g";;
"2019-10-08T12:53:00.403Z";"2213.222";"create";"items";"Postit";"63d875a3-bb81-41a0-8687-e382fe30b988";"mignotch";"UbikeyOfficeVertical/1.4.4 (HALLNUMSTA02)";"863a4d1b-37ff-43d6-b41b-58c754d45f79";"3cd2392d-3ff0-43af-885e-01e5d10f32a7";;"b4756395-5c81-4528-b55d-3ee5546f374a";"1494.4";"807.0";"0";"1.0";"";;
"2019-10-08T12:53:08.994Z";"2221.813";"update";"items.Transform";;"f0949d37-aae0-4951-8f0d-8772e7108353";"mignotch";"UbikeyOfficeVertical/1.4.4 (HALLNUMSTA02)";"863a4d1b-37ff-43d6-b41b-58c754d45f79";;;;"735.5";"36.0";"0";"1.0";;;
"2019-10-08T12:53:11.234Z";"2224.053";"create";"items";"Postit";"f6c5e68a-21d2-4e67-8bd5-664142d69929";"mignotch";"UbikeyOfficeVertical/1.4.4 (HALLNUMSTA02)";"863a4d1b-37ff-43d6-b41b-58c754d45f79";"c0f71c5d-0607-44a5-8291-bf43ba51a743";;"5139f7e7-51c8-4495-a9a4-30969cba1e34";"676.0";"281.0";"0";"1.0";"";;
"2019-10-08T12:53:26.443Z";"2239.262";"update";"items.Color";;"63d875a3-bb81-41a0-8687-e382fe30b988";"mignotch";"UbikeyOfficeVertical/1.4.4 (HALLNUMSTA02)";"863a4d1b-37ff-43d6-b41b-58c754d45f79";;;;;;;;;"#FFCE88FF";
"2019-10-08T12:53:28.245Z";"2241.064";"update";"items.Transform";;"63d875a3-bb81-41a0-8687-e382fe30b988";"mignotch";"UbikeyOfficeVertical/1.4.4 (HALLNUMSTA02)";"863a4d1b-37ff-43d6-b41b-58c754d45f79";;;;"1378.8";"626.7";"0";"1.0";;;
"2019-10-08T12:53:30.785Z";"2243.604";"update";"items.Transform";;"c12d3e08-66ba-42f9-8890-b3f182e4d028";"mignotch";"UbikeyOfficeVertical/1.4.4 (HALLNUMSTA02)";"863a4d1b-37ff-43d6-b41b-58c754d45f79";;;;"1270.0";"899.5";"0";"1.0";;;
"2019-10-08T12:53:22.124Z";"2234.943";"update";"items.Text";;"63d875a3-bb81-41a0-8687-e382fe30b988";"mignotch";"UbikeyOfficeVertical/1.4.4 (HALLNUMSTA02)";"863a4d1b-37ff-43d6-b41b-58c754d45f79";;;;;;;;"3 classeurs : 750g";;
"2019-10-08T12:53:41.657Z";"2254.476";"update";"items.Transform";;"f6c5e68a-21d2-4e67-8bd5-664142d69929";"mignotch";"UbikeyOfficeVertical/1.4.4 (HALLNUMSTA02)";"863a4d1b-37ff-43d6-b41b-58c754d45f79";;;;"559.7";"214.3";"0";"1.3";;;
"2019-10-08T12:53:42.624Z";"2255.443";"create";"items";"Postit";"d2f811c6-c057-46fd-aa83-afa88e296861";"mignotch";"UbikeyOfficeVertical/1.4.4 (HALLNUMSTA02)";"863a4d1b-37ff-43d6-b41b-58c754d45f79";"3cd2392d-3ff0-43af-885e-01e5d10f32a7";;"b4756395-5c81-4528-b55d-3ee5546f374a";"1335.4";"465.0";"0";"1.0";"";;
"2019-10-08T12:53:47.991Z";"2260.81";"update";"items";"Postit";"f0949d37-aae0-4951-8f0d-8772e7108353";"mignotch";"UbikeyOfficeVertical/1.4.4 (HALLNUMSTA02)";;;"2d27f093-4301-45a6-bdff-a5c72a46a878";;"772.8";"31.2";"0";"1.0";"Parce que le cartable contient beaucoup d'affaires";;
"2019-10-08T12:53:43.036Z";"2255.855";"update";"items.Transform";;"07ae853b-0573-4de3-82e7-13b669b7059b";"mignotch";"UbikeyOfficeVertical/1.4.4 (HALLNUMSTA02)";"863a4d1b-37ff-43d6-b41b-58c754d45f79";;;;"406.2";"31.2";"0";"1.0";;;
"2019-10-08T12:53:43.953Z";"2256.772";"update";"items.Transform";;"f973e81e-e42f-4829-9bbe-b7cd9f65a09b";"mignotch";"UbikeyOfficeVertical/1.4.4 (HALLNUMSTA02)";"863a4d1b-37ff-43d6-b41b-58c754d45f79";;;;"638.6";"502.4";"0";"3.6";;;
"2019-10-08T12:53:44.920Z";"2257.739";"update";"items.Transform";;"f0949d37-aae0-4951-8f0d-8772e7108353";"mignotch";"UbikeyOfficeVertical/1.4.4 (HALLNUMSTA02)";"863a4d1b-37ff-43d6-b41b-58c754d45f79";;;;"772.8";"31.2";"0";"1.0";;;
"2019-10-08T12:53:34.449Z";"2247.268";"update";"items.Text";;"f6c5e68a-21d2-4e67-8bd5-664142d69929";"mignotch";"UbikeyOfficeVertical/1.4.4 (HALLNUMSTA02)";"863a4d1b-37ff-43d6-b41b-58c754d45f79";;;;;;;;"le cartable edt le seul moyen de raener les affaires a la maison. ";;
"2019-10-08T12:53:50.483Z";"2263.302";"create";"items";"Postit";"d830042e-9b33-4a17-849c-d5ea67bf5a45";"mignotch";"UbikeyOfficeVertical/1.4.4 (HALLNUMSTA02)";"863a4d1b-37ff-43d6-b41b-58c754d45f79";"c0f71c5d-0607-44a5-8291-bf43ba51a743";;"5139f7e7-51c8-4495-a9a4-30969cba1e34";"832.0";"118.0";"0";"1.0";"";;
"2019-10-08T12:54:19.516Z";"2292.335";"update";"items.Text";;"d830042e-9b33-4a17-849c-d5ea67bf5a45";"mignotch";"UbikeyOfficeVertical/1.4.4 (HALLNUMSTA02)";"863a4d1b-37ff-43d6-b41b-58c754d45f79";;;;;;;;"il y a besoin de bezucoup d'affaires pour faire ";;
"2019-10-08T12:54:27.287Z";"2300.106";"update";"items.Text";;"d2f811c6-c057-46fd-aa83-afa88e296861";"mignotch";"UbikeyOfficeVertical/1.4.4 (HALLNUMSTA02)";"863a4d1b-37ff-43d6-b41b-58c754d45f79";;;;;;;;"2 cahiers : 450g ";;
"2019-10-08T12:54:44.095Z";"2316.914";"update";"items.Color";;"d2f811c6-c057-46fd-aa83-afa88e296861";"mignotch";"UbikeyOfficeVertical/1.4.4 (HALLNUMSTA02)";"863a4d1b-37ff-43d6-b41b-58c754d45f79";;;;;;;;;"#FFCE88FF";
"2019-10-08T12:54:46.358Z";"2319.177";"update";"items.Transform";;"d2f811c6-c057-46fd-aa83-afa88e296861";"mignotch";"UbikeyOfficeVertical/1.4.4 (HALLNUMSTA02)";"863a4d1b-37ff-43d6-b41b-58c754d45f79";;;;"1192.5";"424.8";"0";"1.0";;;
"2019-10-08T12:54:49.206Z";"2322.025";"update";"items.Transform";;"63d875a3-bb81-41a0-8687-e382fe30b988";"mignotch";"UbikeyOfficeVertical/1.4.4 (HALLNUMSTA02)";"863a4d1b-37ff-43d6-b41b-58c754d45f79";;;;"1378.8";"626.7";"0";"1.0";;;
"2019-10-08T12:54:49.673Z";"2322.492";"update";"items.Transform";;"c12d3e08-66ba-42f9-8890-b3f182e4d028";"mignotch";"UbikeyOfficeVertical/1.4.4 (HALLNUMSTA02)";"863a4d1b-37ff-43d6-b41b-58c754d45f79";;;;"1270.0";"899.5";"0";"1.0";;;
"2019-10-08T12:54:50.714Z";"2323.533";"update";"items.Transform";;"405e1283-637c-4606-a284-b2a1c74df571";"mignotch";"UbikeyOfficeVertical/1.4.4 (HALLNUMSTA02)";"863a4d1b-37ff-43d6-b41b-58c754d45f79";;;;"896.5";"978.6";"0";"1.0";;;
"2019-10-08T12:54:51.702Z";"2324.521";"update";"items.Transform";;"fb9037cc-528a-446b-9e60-967d660c5db0";"mignotch";"UbikeyOfficeVertical/1.4.4 (HALLNUMSTA02)";"863a4d1b-37ff-43d6-b41b-58c754d45f79";;;;"606.3";"883.3";"0";"1.0";;;
"2019-10-08T12:54:52.424Z";"2325.243";"update";"items.Transform";;"f597da4e-0b92-4751-83ae-3a2310c31757";"mignotch";"UbikeyOfficeVertical/1.4.4 (HALLNUMSTA02)";"863a4d1b-37ff-43d6-b41b-58c754d45f79";;;;"514.2";"588.4";"0";"1.0";;;
"2019-10-08T12:54:52.905Z";"2325.724";"update";"items.Transform";;"07ae853b-0573-4de3-82e7-13b669b7059b";"mignotch";"UbikeyOfficeVertical/1.4.4 (HALLNUMSTA02)";"863a4d1b-37ff-43d6-b41b-58c754d45f79";;;;"389.3";"50.8";"0";"1.0";;;
"2019-10-08T12:54:53.217Z";"2326.036";"update";"items.Transform";;"d830042e-9b33-4a17-849c-d5ea67bf5a45";"mignotch";"UbikeyOfficeVertical/1.4.4 (HALLNUMSTA02)";"863a4d1b-37ff-43d6-b41b-58c754d45f79";;;;"737.5";"50.8";"0";"1.0";;;
"2019-10-08T12:55:05.346Z";"2338.165";"update";"items.Transform";;"63d875a3-bb81-41a0-8687-e382fe30b988";"mignotch";"UbikeyOfficeVertical/1.4.4 (HALLNUMSTA02)";"863a4d1b-37ff-43d6-b41b-58c754d45f79";;;;"1403.4";"624.1";"0";"1.0";;;
"2019-10-08T12:54:50.612Z";"2323.431";"update";"items.Text";;"d830042e-9b33-4a17-849c-d5ea67bf5a45";"mignotch";"UbikeyOfficeVertical/1.4.4 (HALLNUMSTA02)";"863a4d1b-37ff-43d6-b41b-58c754d45f79";;;;;;;;"il y a besoin de beaucoup d'affaires pour faire les devoirs";;
"2019-10-08T12:55:06.620Z";"2339.439";"update";"items.Transform";;"d2f811c6-c057-46fd-aa83-afa88e296861";"mignotch";"UbikeyOfficeVertical/1.4.4 (HALLNUMSTA02)";"863a4d1b-37ff-43d6-b41b-58c754d45f79";;;;"1172.5";"402.2";"0";"1.0";;;
"2019-10-08T12:55:07.585Z";"2340.404";"update";"items.Transform";;"f597da4e-0b92-4751-83ae-3a2310c31757";"mignotch";"UbikeyOfficeVertical/1.4.4 (HALLNUMSTA02)";"863a4d1b-37ff-43d6-b41b-58c754d45f79";;;;"514.2";"588.4";"0";"1.0";;;
"2019-10-08T12:55:18.386Z";"2351.205";"create";"items";"Postit";"1c525046-71fb-481b-bd71-636a07175615";"mignotch";"UbikeyOfficeVertical/1.4.4 (HALLNUMSTA02)";"863a4d1b-37ff-43d6-b41b-58c754d45f79";"3cd2392d-3ff0-43af-885e-01e5d10f32a7";;"b4756395-5c81-4528-b55d-3ee5546f374a";"927.4";"467.0";"0";"1.0";"";;
"2019-10-08T12:55:52.375Z";"2385.194";"update";"items.Text";;"1c525046-71fb-481b-bd71-636a07175615";"mignotch";"UbikeyOfficeVertical/1.4.4 (HALLNUMSTA02)";"863a4d1b-37ff-43d6-b41b-58c754d45f79";;;;;;;;"livre (1 fois par semaine) : ";;
"2019-10-08T12:56:24.136Z";"2416.955";"update";"items.Transform";;"1c525046-71fb-481b-bd71-636a07175615";"mignotch";"UbikeyOfficeVertical/1.4.4 (HALLNUMSTA02)";"863a4d1b-37ff-43d6-b41b-58c754d45f79";;;;"777.0";"402.2";"0";"1.0";;;
"2019-10-08T12:56:25.967Z";"2418.786";"update";"items.Transform";;"d2f811c6-c057-46fd-aa83-afa88e296861";"mignotch";"UbikeyOfficeVertical/1.4.4 (HALLNUMSTA02)";"863a4d1b-37ff-43d6-b41b-58c754d45f79";;;;"1123.0";"402.2";"0";"1.0";;;
"2019-10-08T12:56:29.657Z";"2422.476";"update";"items.Transform";;"c12d3e08-66ba-42f9-8890-b3f182e4d028";"mignotch";"UbikeyOfficeVertical/1.4.4 (HALLNUMSTA02)";"863a4d1b-37ff-43d6-b41b-58c754d45f79";;;;"1350.5";"883.3";"0";"1.0";;;
"2019-10-08T12:56:31.691Z";"2424.51";"update";"items.Transform";;"405e1283-637c-4606-a284-b2a1c74df571";"mignotch";"UbikeyOfficeVertical/1.4.4 (HALLNUMSTA02)";"863a4d1b-37ff-43d6-b41b-58c754d45f79";;;;"971.3";"989.1";"0";"1.0";;;
"2019-10-08T12:56:33.171Z";"2425.99";"update";"items.Transform";;"1c525046-71fb-481b-bd71-636a07175615";"mignotch";"UbikeyOfficeVertical/1.4.4 (HALLNUMSTA02)";"863a4d1b-37ff-43d6-b41b-58c754d45f79";;;;"777.0";"402.2";"0";"1.0";;;
"2019-10-08T12:56:34.692Z";"2427.511";"update";"items.Color";;"1c525046-71fb-481b-bd71-636a07175615";"mignotch";"UbikeyOfficeVertical/1.4.4 (HALLNUMSTA02)";"863a4d1b-37ff-43d6-b41b-58c754d45f79";;;;;;;;;"#FFCE88FF";
"2019-10-08T12:56:20.491Z";"2413.31";"update";"items.Text";;"1c525046-71fb-481b-bd71-636a07175615";"mignotch";"UbikeyOfficeVertical/1.4.4 (HALLNUMSTA02)";"863a4d1b-37ff-43d6-b41b-58c754d45f79";;;;;;;;"livre (1 fois par semaine) : 200g";;
"2019-10-08T12:57:35.869Z";"2488.688";"update";"items.Transform";;"f973e81e-e42f-4829-9bbe-b7cd9f65a09b";"mignotch";"UbikeyOfficeVertical/1.4.4 (HALLNUMSTA02)";"863a4d1b-37ff-43d6-b41b-58c754d45f79";;;;"638.6";"502.4";"0";"3.6";;;
"2019-10-08T12:57:53.555Z";"2506.374";"update";"items.Transform";;"c12d3e08-66ba-42f9-8890-b3f182e4d028";"mignotch";"UbikeyOfficeVertical/1.4.4 (HALLNUMSTA02)";"863a4d1b-37ff-43d6-b41b-58c754d45f79";;;;"1350.5";"883.3";"0";"1.0";;;
"2019-10-08T12:57:55.077Z";"2507.896";"update";"items.Transform";;"63d875a3-bb81-41a0-8687-e382fe30b988";"mignotch";"UbikeyOfficeVertical/1.4.4 (HALLNUMSTA02)";"863a4d1b-37ff-43d6-b41b-58c754d45f79";;;;"1403.4";"624.1";"0";"1.0";;;
"2019-10-08T12:57:55.435Z";"2508.254";"update";"items.Transform";;"d2f811c6-c057-46fd-aa83-afa88e296861";"mignotch";"UbikeyOfficeVertical/1.4.4 (HALLNUMSTA02)";"863a4d1b-37ff-43d6-b41b-58c754d45f79";;;;"1123.0";"402.2";"0";"1.0";;;
"2019-10-08T12:57:56.042Z";"2508.861";"update";"items.Transform";;"1c525046-71fb-481b-bd71-636a07175615";"mignotch";"UbikeyOfficeVertical/1.4.4 (HALLNUMSTA02)";"863a4d1b-37ff-43d6-b41b-58c754d45f79";;;;"777.0";"402.2";"0";"1.0";;;
"2019-10-08T12:57:57.002Z";"2509.821";"update";"items.Transform";;"f597da4e-0b92-4751-83ae-3a2310c31757";"mignotch";"UbikeyOfficeVertical/1.4.4 (HALLNUMSTA02)";"863a4d1b-37ff-43d6-b41b-58c754d45f79";;;;"514.2";"588.4";"0";"1.0";;;
"2019-10-08T12:57:57.562Z";"2510.381";"update";"items.Transform";;"fb9037cc-528a-446b-9e60-967d660c5db0";"mignotch";"UbikeyOfficeVertical/1.4.4 (HALLNUMSTA02)";"863a4d1b-37ff-43d6-b41b-58c754d45f79";;;;"606.3";"883.3";"0";"1.0";;;
"2019-10-08T12:57:58.123Z";"2510.942";"update";"items.Transform";;"405e1283-637c-4606-a284-b2a1c74df571";"mignotch";"UbikeyOfficeVertical/1.4.4 (HALLNUMSTA02)";"863a4d1b-37ff-43d6-b41b-58c754d45f79";;;;"971.3";"989.1";"0";"1.0";;;
"2019-10-08T12:57:49.902Z";"2502.721";"update";"items.Text";;"f973e81e-e42f-4829-9bbe-b7cd9f65a09b";"mignotch";"UbikeyOfficeVertical/1.4.4 (HALLNUMSTA02)";"863a4d1b-37ff-43d6-b41b-58c754d45f79";;;;;;;;"Objectif 608g";;
"2019-10-08T12:58:22.128Z";"2534.947";"update";"items";"Postit";"5a48dd98-9643-454e-b90f-7d3e0d274412";"mignotch";"UbikeyOfficeVertical/1.4.4 (HALLNUMSTA02)";"863a4d1b-37ff-43d6-b41b-58c754d45f79";"c0f71c5d-0607-44a5-8291-bf43ba51a743";;"5139f7e7-51c8-4495-a9a4-30969cba1e34";"272.2";"496.4";"0";"1.0";"Il y a une distance entre l'école et la maison";;
"2019-10-08T13:05:18.506Z";"2951.325";"create";"items";"Postit";"790ceb2a-33aa-4faf-9e7a-d45d897d1d7a";"mignotch";"UbikeyOfficeVertical/1.4.4 (HALLNUMSTA02)";"863a4d1b-37ff-43d6-b41b-58c754d45f79";"3cd2392d-3ff0-43af-885e-01e5d10f32a7";;"b4756395-5c81-4528-b55d-3ee5546f374a";"1143.4";"1313.0";"0";"1.0";"";;
"2019-10-08T13:05:33.242Z";"2966.061";"update";"items.Transform";;"790ceb2a-33aa-4faf-9e7a-d45d897d1d7a";"mignotch";"UbikeyOfficeVertical/1.4.4 (HALLNUMSTA02)";"863a4d1b-37ff-43d6-b41b-58c754d45f79";;;;"1043.4";"1249.0";"0";"1.0";;;
"2019-10-08T13:05:34.986Z";"2967.805";"update";"items.Color";;"790ceb2a-33aa-4faf-9e7a-d45d897d1d7a";"mignotch";"UbikeyOfficeVertical/1.4.4 (HALLNUMSTA02)";"863a4d1b-37ff-43d6-b41b-58c754d45f79";;;;;;;;;"#FFA6FF33";
"2019-10-08T13:05:30.135Z";"2962.954";"update";"items.Text";;"790ceb2a-33aa-4faf-9e7a-d45d897d1d7a";"mignotch";"UbikeyOfficeVertical/1.4.4 (HALLNUMSTA02)";"863a4d1b-37ff-43d6-b41b-58c754d45f79";;;;;;;;"dédoublement";;
"2019-10-08T13:05:54.718Z";"2987.537";"update";"items.Style";;"790ceb2a-33aa-4faf-9e7a-d45d897d1d7a";"mignotch";"UbikeyOfficeVertical/1.4.4 (HALLNUMSTA02)";"863a4d1b-37ff-43d6-b41b-58c754d45f79";;;;;;;;;"DiamondPostit";
"2019-10-08T13:05:54.720Z";"2987.539";"update";"items.Size";;"790ceb2a-33aa-4faf-9e7a-d45d897d1d7a";"mignotch";"UbikeyOfficeVertical/1.4.4 (HALLNUMSTA02)";"863a4d1b-37ff-43d6-b41b-58c754d45f79";;;;;;;;;"208,208";
"2019-10-08T13:06:03.103Z";"2995.922";"update";"items.Transform";;"790ceb2a-33aa-4faf-9e7a-d45d897d1d7a";"mignotch";"UbikeyOfficeVertical/1.4.4 (HALLNUMSTA02)";"863a4d1b-37ff-43d6-b41b-58c754d45f79";;;;"971.3";"1233.8";"0";"1.0";;;
"2019-10-08T13:06:03.767Z";"2996.586";"update";"items.Transform";;"405e1283-637c-4606-a284-b2a1c74df571";"mignotch";"UbikeyOfficeVertical/1.4.4 (HALLNUMSTA02)";"863a4d1b-37ff-43d6-b41b-58c754d45f79";;;;"971.3";"989.1";"0";"1.0";;;
"2019-10-08T13:06:15.975Z";"3008.794";"create";"links";;"52342841-2a2d-4797-b6f5-98326bcbd68c";"mignotch";"UbikeyOfficeVertical/1.4.4 (HALLNUMSTA02)";"863a4d1b-37ff-43d6-b41b-58c754d45f79";"3cd2392d-3ff0-43af-885e-01e5d10f32a7";;;;;;;;;
"2019-10-08T13:06:23.312Z";"3016.131";"update";"items.Transform";;"790ceb2a-33aa-4faf-9e7a-d45d897d1d7a";"mignotch";"UbikeyOfficeVertical/1.4.4 (HALLNUMSTA02)";"863a4d1b-37ff-43d6-b41b-58c754d45f79";;;;"992.5";"1204.7";"0";"1.2";;;
"2019-10-08T13:06:39.496Z";"3032.315";"update";"items.Transform";;"790ceb2a-33aa-4faf-9e7a-d45d897d1d7a";"mignotch";"UbikeyOfficeVertical/1.4.4 (HALLNUMSTA02)";"863a4d1b-37ff-43d6-b41b-58c754d45f79";;;;"963.3";"1270.1";"0";"1.0";;;
"2019-10-08T13:06:41.580Z";"3034.399";"create";"items";"Postit";"1122f626-d48b-4c2a-85db-fd6e7acddbee";"olheureu";"UbiWebMobile/0.0.0";;;"b2d3dba8-6025-4325-81ce-23ca6610173c";;;;;;"E";;
"2019-10-08T13:06:52.623Z";"3045.442";"create";"items";"Postit";"afb9367c-d78a-4dfd-b6f6-cb41ce93079e";"olheureu";"UbiWebMobile/0.0.0";;;"b2d3dba8-6025-4325-81ce-23ca6610173c";;;;;;"Sarah elle est trop belle";;
"2019-10-08T13:07:01.460Z";"3054.279";"update";"items";"Postit";"afb9367c-d78a-4dfd-b6f6-cb41ce93079e";"mignotch";"UbikeyOfficeVertical/1.4.4 (HALLNUMSTA02)";"863a4d1b-37ff-43d6-b41b-58c754d45f79";"3cd2392d-3ff0-43af-885e-01e5d10f32a7";;"b4756395-5c81-4528-b55d-3ee5546f374a";"504.0";"189.7";"0";"1.0";"Sarah elle est trop belle";;
"2019-10-08T13:07:02.482Z";"3055.301";"create";"items";"Postit";"e1528281-0732-4260-80c1-ad93793b0480";"olheureu";"UbiWebMobile/0.0.0";;;"b2d3dba8-6025-4325-81ce-23ca6610173c";;;;;;"0695106228";;
"2019-10-08T13:07:06.041Z";"3058.86";"update";"items.Transform";;"afb9367c-d78a-4dfd-b6f6-cb41ce93079e";"mignotch";"UbikeyOfficeVertical/1.4.4 (HALLNUMSTA02)";"863a4d1b-37ff-43d6-b41b-58c754d45f79";;;;"491.4";"33.7";"0";"1.0";;;
"2019-10-08T13:07:10.333Z";"3063.152";"update";"items.Transform";;"f973e81e-e42f-4829-9bbe-b7cd9f65a09b";"mignotch";"UbikeyOfficeVertical/1.4.4 (HALLNUMSTA02)";"863a4d1b-37ff-43d6-b41b-58c754d45f79";;;;"673.7";"503.8";"0";"3.6";;;
"2019-10-08T13:07:10.846Z";"3063.665";"update";"items.Transform";;"405e1283-637c-4606-a284-b2a1c74df571";"mignotch";"UbikeyOfficeVertical/1.4.4 (HALLNUMSTA02)";"863a4d1b-37ff-43d6-b41b-58c754d45f79";;;;"971.3";"989.1";"0";"1.0";;;
"2019-10-08T13:07:11.356Z";"3064.175";"update";"items.Transform";;"fb9037cc-528a-446b-9e60-967d660c5db0";"mignotch";"UbikeyOfficeVertical/1.4.4 (HALLNUMSTA02)";"863a4d1b-37ff-43d6-b41b-58c754d45f79";;;;"606.3";"883.3";"0";"1.0";;;
"2019-10-08T13:07:12.887Z";"3065.706";"update";"items.Transform";;"c12d3e08-66ba-42f9-8890-b3f182e4d028";"mignotch";"UbikeyOfficeVertical/1.4.4 (HALLNUMSTA02)";"863a4d1b-37ff-43d6-b41b-58c754d45f79";;;;"1350.5";"883.3";"0";"1.0";;;
"2019-10-08T13:07:13.384Z";"3066.203";"update";"items.Transform";;"63d875a3-bb81-41a0-8687-e382fe30b988";"mignotch";"UbikeyOfficeVertical/1.4.4 (HALLNUMSTA02)";"863a4d1b-37ff-43d6-b41b-58c754d45f79";;;;"1403.4";"624.1";"0";"1.0";;;
"2019-10-08T13:07:14.397Z";"3067.216";"update";"items.Transform";;"d2f811c6-c057-46fd-aa83-afa88e296861";"mignotch";"UbikeyOfficeVertical/1.4.4 (HALLNUMSTA02)";"863a4d1b-37ff-43d6-b41b-58c754d45f79";;;;"1123.0";"402.2";"0";"1.0";;;
"2019-10-08T13:07:15.408Z";"3068.227";"update";"items.Transform";;"1c525046-71fb-481b-bd71-636a07175615";"mignotch";"UbikeyOfficeVertical/1.4.4 (HALLNUMSTA02)";"863a4d1b-37ff-43d6-b41b-58c754d45f79";;;;"777.0";"402.2";"0";"1.0";;;
"2019-10-08T13:07:15.916Z";"3068.735";"update";"items.Transform";;"f597da4e-0b92-4751-83ae-3a2310c31757";"mignotch";"UbikeyOfficeVertical/1.4.4 (HALLNUMSTA02)";"863a4d1b-37ff-43d6-b41b-58c754d45f79";;;;"514.2";"588.4";"0";"1.0";;;
"2019-10-08T13:07:37.596Z";"3090.415";"update";"items.Transform";;"f973e81e-e42f-4829-9bbe-b7cd9f65a09b";"mignotch";"UbikeyOfficeVertical/1.4.4 (HALLNUMSTA02)";"863a4d1b-37ff-43d6-b41b-58c754d45f79";;;;"655.5";"499.8";"0";"3.6";;;
"2019-10-08T13:07:38.656Z";"3091.475";"update";"items.Transform";;"f597da4e-0b92-4751-83ae-3a2310c31757";"mignotch";"UbikeyOfficeVertical/1.4.4 (HALLNUMSTA02)";"863a4d1b-37ff-43d6-b41b-58c754d45f79";;;;"514.2";"588.4";"0";"1.0";;;
"2019-10-08T13:07:39.114Z";"3091.933";"update";"items.Transform";;"fb9037cc-528a-446b-9e60-967d660c5db0";"mignotch";"UbikeyOfficeVertical/1.4.4 (HALLNUMSTA02)";"863a4d1b-37ff-43d6-b41b-58c754d45f79";;;;"606.3";"883.3";"0";"1.0";;;
"2019-10-08T13:07:41.673Z";"3094.492";"update";"items.Transform";;"405e1283-637c-4606-a284-b2a1c74df571";"mignotch";"UbikeyOfficeVertical/1.4.4 (HALLNUMSTA02)";"863a4d1b-37ff-43d6-b41b-58c754d45f79";;;;"971.3";"989.1";"0";"1.0";;;
"2019-10-08T13:07:44.232Z";"3097.051";"update";"items.Transform";;"d2f811c6-c057-46fd-aa83-afa88e296861";"mignotch";"UbikeyOfficeVertical/1.4.4 (HALLNUMSTA02)";"863a4d1b-37ff-43d6-b41b-58c754d45f79";;;;"1123.0";"402.2";"0";"1.0";;;
"2019-10-08T13:07:44.739Z";"3097.558";"update";"items.Transform";;"1c525046-71fb-481b-bd71-636a07175615";"mignotch";"UbikeyOfficeVertical/1.4.4 (HALLNUMSTA02)";"863a4d1b-37ff-43d6-b41b-58c754d45f79";;;;"777.0";"402.2";"0";"1.0";;;
"2019-10-08T13:07:44.741Z";"3097.56";"update";"items.Transform";;"63d875a3-bb81-41a0-8687-e382fe30b988";"mignotch";"UbikeyOfficeVertical/1.4.4 (HALLNUMSTA02)";"863a4d1b-37ff-43d6-b41b-58c754d45f79";;;;"1442.5";"622.8";"0";"1.0";;;
"2019-10-08T13:07:46.232Z";"3099.051";"update";"items.Transform";;"c12d3e08-66ba-42f9-8890-b3f182e4d028";"mignotch";"UbikeyOfficeVertical/1.4.4 (HALLNUMSTA02)";"863a4d1b-37ff-43d6-b41b-58c754d45f79";;;;"1370.1";"871.2";"0";"1.0";;;
"2019-10-08T13:07:50.795Z";"3103.614";"update";"items.Transform";;"f973e81e-e42f-4829-9bbe-b7cd9f65a09b";"mignotch";"UbikeyOfficeVertical/1.4.4 (HALLNUMSTA02)";"863a4d1b-37ff-43d6-b41b-58c754d45f79";;;;"662.8";"486.1";"0";"3.6";;;
"2019-10-08T13:07:51.308Z";"3104.127";"update";"items.Transform";;"d2f811c6-c057-46fd-aa83-afa88e296861";"mignotch";"UbikeyOfficeVertical/1.4.4 (HALLNUMSTA02)";"863a4d1b-37ff-43d6-b41b-58c754d45f79";;;;"1123.0";"402.2";"0";"1.0";;;
"2019-10-08T13:07:52.328Z";"3105.147";"update";"items.Transform";;"1c525046-71fb-481b-bd71-636a07175615";"mignotch";"UbikeyOfficeVertical/1.4.4 (HALLNUMSTA02)";"863a4d1b-37ff-43d6-b41b-58c754d45f79";;;;"777.0";"402.2";"0";"1.0";;;
"2019-10-08T13:07:52.788Z";"3105.607";"update";"items.Transform";;"f597da4e-0b92-4751-83ae-3a2310c31757";"mignotch";"UbikeyOfficeVertical/1.4.4 (HALLNUMSTA02)";"863a4d1b-37ff-43d6-b41b-58c754d45f79";;;;"514.2";"588.4";"0";"1.0";;;
"2019-10-08T13:07:53.303Z";"3106.122";"update";"items.Transform";;"fb9037cc-528a-446b-9e60-967d660c5db0";"mignotch";"UbikeyOfficeVertical/1.4.4 (HALLNUMSTA02)";"863a4d1b-37ff-43d6-b41b-58c754d45f79";;;;"606.3";"883.3";"0";"1.0";;;
"2019-10-08T13:07:54.333Z";"3107.152";"update";"items.Transform";;"405e1283-637c-4606-a284-b2a1c74df571";"mignotch";"UbikeyOfficeVertical/1.4.4 (HALLNUMSTA02)";"863a4d1b-37ff-43d6-b41b-58c754d45f79";;;;"971.3";"989.1";"0";"1.0";;;
"2019-10-08T13:07:54.854Z";"3107.673";"update";"items.Transform";;"c12d3e08-66ba-42f9-8890-b3f182e4d028";"mignotch";"UbikeyOfficeVertical/1.4.4 (HALLNUMSTA02)";"863a4d1b-37ff-43d6-b41b-58c754d45f79";;;;"1370.1";"871.2";"0";"1.0";;;
"2019-10-08T13:07:55.836Z";"3108.655";"update";"items.Transform";;"63d875a3-bb81-41a0-8687-e382fe30b988";"mignotch";"UbikeyOfficeVertical/1.4.4 (HALLNUMSTA02)";"863a4d1b-37ff-43d6-b41b-58c754d45f79";;;;"1442.5";"622.8";"0";"1.0";;;
"2019-10-08T13:08:15.900Z";"3128.719";"update";"items";"Postit";"e1528281-0732-4260-80c1-ad93793b0480";"mignotch";"UbikeyOfficeVertical/1.4.4 (HALLNUMSTA02)";"863a4d1b-37ff-43d6-b41b-58c754d45f79";"3cd2392d-3ff0-43af-885e-01e5d10f32a7";;"b4756395-5c81-4528-b55d-3ee5546f374a";"700.2";"-1.5";"0";"1.0";"0695106228";;
"2019-10-08T13:08:17.881Z";"3130.7";"update";"items";"Postit";"1122f626-d48b-4c2a-85db-fd6e7acddbee";"mignotch";"UbikeyOfficeVertical/1.4.4 (HALLNUMSTA02)";"863a4d1b-37ff-43d6-b41b-58c754d45f79";"3cd2392d-3ff0-43af-885e-01e5d10f32a7";;"b4756395-5c81-4528-b55d-3ee5546f374a";"785.7";"87.3";"0";"1.0";"E";;
"2019-10-08T13:08:19.401Z";"3132.22";"update";"items.Transform";;"1122f626-d48b-4c2a-85db-fd6e7acddbee";"mignotch";"UbikeyOfficeVertical/1.4.4 (HALLNUMSTA02)";"863a4d1b-37ff-43d6-b41b-58c754d45f79";;;;"863.1";"81.9";"0";"1.0";;;
"2019-10-08T13:08:22.868Z";"3135.687";"update";"items.Transform";;"afb9367c-d78a-4dfd-b6f6-cb41ce93079e";"mignotch";"UbikeyOfficeVertical/1.4.4 (HALLNUMSTA02)";"863a4d1b-37ff-43d6-b41b-58c754d45f79";;;;"730.4";"81.9";"0";"1.0";;;
"2019-10-08T13:08:25.307Z";"3138.126";"update";"items.Color";;"afb9367c-d78a-4dfd-b6f6-cb41ce93079e";"mignotch";"UbikeyOfficeVertical/1.4.4 (HALLNUMSTA02)";"863a4d1b-37ff-43d6-b41b-58c754d45f79";;;;;;;;;"#FFFC5BAC";
"2019-10-08T13:08:39.799Z";"3152.618";"update";"items.Transform";;"f597da4e-0b92-4751-83ae-3a2310c31757";"mignotch";"UbikeyOfficeVertical/1.4.4 (HALLNUMSTA02)";"863a4d1b-37ff-43d6-b41b-58c754d45f79";;;;"1450.3";"626.9";"0";"1.0";;;
"2019-10-08T13:08:41.798Z";"3154.617";"update";"items.Transform";;"63d875a3-bb81-41a0-8687-e382fe30b988";"mignotch";"UbikeyOfficeVertical/1.4.4 (HALLNUMSTA02)";"863a4d1b-37ff-43d6-b41b-58c754d45f79";;;;"522.5";"614.7";"0";"1.0";;;
"2019-10-08T13:11:28.492Z";"3321.311";"update";"items.Transform";;"d2f811c6-c057-46fd-aa83-afa88e296861";"mignotch";"UbikeyOfficeVertical/1.4.4 (HALLNUMSTA02)";"863a4d1b-37ff-43d6-b41b-58c754d45f79";;;;"794.1";"410.7";"0";"1.0";;;
"2019-10-08T13:11:31.556Z";"3324.375";"update";"items.Transform";;"1c525046-71fb-481b-bd71-636a07175615";"mignotch";"UbikeyOfficeVertical/1.4.4 (HALLNUMSTA02)";"863a4d1b-37ff-43d6-b41b-58c754d45f79";;;;"1168.7";"429.3";"0";"1.0";;;
"2019-10-08T13:12:04.757Z";"3357.576";"create";"items";"Postit";"29147110-06d6-4d89-9fd3-20e30664e5b8";"mignotch";"UbikeyOfficeVertical/1.4.4 (HALLNUMSTA02)";"863a4d1b-37ff-43d6-b41b-58c754d45f79";"3cd2392d-3ff0-43af-885e-01e5d10f32a7";;"b4756395-5c81-4528-b55d-3ee5546f374a";"705.4";"517.0";"0";"1.0";"";;
"2019-10-08T13:12:11.919Z";"3364.738";"update";"items";"Postit";"1d781c12-752a-484c-8f78-3f209bead4c1";"mignotch";"UbikeyOfficeVertical/1.4.4 (HALLNUMSTA02)";;;"2d27f093-4301-45a6-bdff-a5c72a46a878";;"405.5";"510.9";"0";"1.0";"nbjjjhhhhh";;
"2019-10-08T13:12:06.383Z";"3359.202";"create";"items";"Postit";"1d781c12-752a-484c-8f78-3f209bead4c1";"mignotch";"UbikeyOfficeVertical/1.4.4 (HALLNUMSTA02)";"863a4d1b-37ff-43d6-b41b-58c754d45f79";"3cd2392d-3ff0-43af-885e-01e5d10f32a7";;"b4756395-5c81-4528-b55d-3ee5546f374a";"705.4";"581.0";"0";"1.0";"n";;
"2019-10-08T13:12:07.332Z";"3360.151";"update";"items.Transform";;"29147110-06d6-4d89-9fd3-20e30664e5b8";"mignotch";"UbikeyOfficeVertical/1.4.4 (HALLNUMSTA02)";"863a4d1b-37ff-43d6-b41b-58c754d45f79";;;;"387.1";"297.9";"0";"1.0";;;
"2019-10-08T13:12:10.506Z";"3363.325";"update";"items.Transform";;"1d781c12-752a-484c-8f78-3f209bead4c1";"mignotch";"UbikeyOfficeVertical/1.4.4 (HALLNUMSTA02)";"863a4d1b-37ff-43d6-b41b-58c754d45f79";;;;"405.5";"510.9";"0";"1.0";;;
"2019-10-08T13:12:13.404Z";"3366.223";"update";"items.Transform";;"29147110-06d6-4d89-9fd3-20e30664e5b8";"mignotch";"UbikeyOfficeVertical/1.4.4 (HALLNUMSTA02)";"863a4d1b-37ff-43d6-b41b-58c754d45f79";;;;"387.1";"297.9";"0";"1.0";;;
"2019-10-08T13:12:18.473Z";"3371.292";"update";"items.Transform";;"f973e81e-e42f-4829-9bbe-b7cd9f65a09b";"mignotch";"UbikeyOfficeVertical/1.4.4 (HALLNUMSTA02)";"863a4d1b-37ff-43d6-b41b-58c754d45f79";;;;"667.0";"505.7";"0";"3.6";;;
"2019-10-08T13:12:19.485Z";"3372.304";"update";"items.Transform";;"405e1283-637c-4606-a284-b2a1c74df571";"mignotch";"UbikeyOfficeVertical/1.4.4 (HALLNUMSTA02)";"863a4d1b-37ff-43d6-b41b-58c754d45f79";;;;"971.3";"989.1";"0";"1.0";;;
"2019-10-08T13:12:20.506Z";"3373.325";"update";"items.Transform";;"c12d3e08-66ba-42f9-8890-b3f182e4d028";"mignotch";"UbikeyOfficeVertical/1.4.4 (HALLNUMSTA02)";"863a4d1b-37ff-43d6-b41b-58c754d45f79";;;;"1370.1";"871.2";"0";"1.0";;;
"2019-10-08T13:12:21.518Z";"3374.337";"update";"items.Transform";;"f597da4e-0b92-4751-83ae-3a2310c31757";"mignotch";"UbikeyOfficeVertical/1.4.4 (HALLNUMSTA02)";"863a4d1b-37ff-43d6-b41b-58c754d45f79";;;;"1450.3";"626.9";"0";"1.0";;;
"2019-10-08T13:12:22.032Z";"3374.851";"update";"items.Transform";;"1c525046-71fb-481b-bd71-636a07175615";"mignotch";"UbikeyOfficeVertical/1.4.4 (HALLNUMSTA02)";"863a4d1b-37ff-43d6-b41b-58c754d45f79";;;;"1168.7";"429.3";"0";"1.0";;;
"2019-10-08T13:12:07.230Z";"3360.049";"update";"items.Text";;"1d781c12-752a-484c-8f78-3f209bead4c1";"mignotch";"UbikeyOfficeVertical/1.4.4 (HALLNUMSTA02)";"863a4d1b-37ff-43d6-b41b-58c754d45f79";;;;;;;;"nbjjjhhhhh";;
"2019-10-08T13:12:23.056Z";"3375.875";"update";"items.Transform";;"d2f811c6-c057-46fd-aa83-afa88e296861";"mignotch";"UbikeyOfficeVertical/1.4.4 (HALLNUMSTA02)";"863a4d1b-37ff-43d6-b41b-58c754d45f79";;;;"794.1";"410.7";"0";"1.0";;;
"2019-10-08T13:12:23.527Z";"3376.346";"update";"items.Transform";;"63d875a3-bb81-41a0-8687-e382fe30b988";"mignotch";"UbikeyOfficeVertical/1.4.4 (HALLNUMSTA02)";"863a4d1b-37ff-43d6-b41b-58c754d45f79";;;;"522.5";"614.7";"0";"1.0";;;
"2019-10-08T13:12:24.090Z";"3376.909";"update";"items.Transform";;"fb9037cc-528a-446b-9e60-967d660c5db0";"mignotch";"UbikeyOfficeVertical/1.4.4 (HALLNUMSTA02)";"863a4d1b-37ff-43d6-b41b-58c754d45f79";;;;"606.3";"883.3";"0";"1.0";;;
"2019-10-08T13:13:02.064Z";"3414.883";"create";"items";"Postit";"39f87a9c-d334-478e-b657-eea03d4801f2";"mignotch";"UbikeyOfficeVertical/1.4.4 (HALLNUMSTA02)";"863a4d1b-37ff-43d6-b41b-58c754d45f79";"3cd2392d-3ff0-43af-885e-01e5d10f32a7";;"b4756395-5c81-4528-b55d-3ee5546f374a";"1782.4";"1217.0";"0";"1.0";"";;
"2019-10-08T13:13:48.357Z";"3461.176";"update";"items.Color";;"39f87a9c-d334-478e-b657-eea03d4801f2";"mignotch";"UbikeyOfficeVertical/1.4.4 (HALLNUMSTA02)";"863a4d1b-37ff-43d6-b41b-58c754d45f79";;;;;;;;;"#FF76DCFF";
"2019-10-08T13:13:56.617Z";"3469.436";"update";"items.Transform";;"39f87a9c-d334-478e-b657-eea03d4801f2";"mignotch";"UbikeyOfficeVertical/1.4.4 (HALLNUMSTA02)";"863a4d1b-37ff-43d6-b41b-58c754d45f79";;;;"1037.4";"203.0";"0";"1.0";;;
"2019-10-08T13:13:42.968Z";"3455.787";"update";"items.Text";;"39f87a9c-d334-478e-b657-eea03d4801f2";"mignotch";"UbikeyOfficeVertical/1.4.4 (HALLNUMSTA02)";"863a4d1b-37ff-43d6-b41b-58c754d45f79";;;;;;;;"20 pages = 50 g";;
"2019-10-08T13:14:05.609Z";"3478.428";"update";"items.Transform";;"f973e81e-e42f-4829-9bbe-b7cd9f65a09b";"mignotch";"UbikeyOfficeVertical/1.4.4 (HALLNUMSTA02)";"863a4d1b-37ff-43d6-b41b-58c754d45f79";;;;"667.0";"505.7";"0";"3.6";;;
"2019-10-08T13:14:06.225Z";"3479.044";"update";"items.Transform";;"39f87a9c-d334-478e-b657-eea03d4801f2";"mignotch";"UbikeyOfficeVertical/1.4.4 (HALLNUMSTA02)";"863a4d1b-37ff-43d6-b41b-58c754d45f79";;;;"422.6";"182.4";"0";"1.0";;;
"2019-10-08T13:14:10.672Z";"3483.491";"update";"items.Transform";;"29147110-06d6-4d89-9fd3-20e30664e5b8";"mignotch";"UbikeyOfficeVertical/1.4.4 (HALLNUMSTA02)";"863a4d1b-37ff-43d6-b41b-58c754d45f79";;;;"551.7";"274.1";"0";"1.0";;;
"2019-10-08T13:14:19.562Z";"3492.381";"update";"items.Style";;"29147110-06d6-4d89-9fd3-20e30664e5b8";"mignotch";"UbikeyOfficeVertical/1.4.4 (HALLNUMSTA02)";"863a4d1b-37ff-43d6-b41b-58c754d45f79";;;;;;;;;"DiamondPostit";
"2019-10-08T13:14:19.563Z";"3492.382";"update";"items.Size";;"29147110-06d6-4d89-9fd3-20e30664e5b8";"mignotch";"UbikeyOfficeVertical/1.4.4 (HALLNUMSTA02)";"863a4d1b-37ff-43d6-b41b-58c754d45f79";;;;;;;;;"208,208";
"2019-10-08T13:14:22.233Z";"3495.052";"update";"items.Transform";;"29147110-06d6-4d89-9fd3-20e30664e5b8";"mignotch";"UbikeyOfficeVertical/1.4.4 (HALLNUMSTA02)";"863a4d1b-37ff-43d6-b41b-58c754d45f79";;;;"553.2";"231.2";"0";"1.0";;;
"2019-10-08T13:14:26.233Z";"3499.052";"update";"items.Transform";;"f973e81e-e42f-4829-9bbe-b7cd9f65a09b";"mignotch";"UbikeyOfficeVertical/1.4.4 (HALLNUMSTA02)";"863a4d1b-37ff-43d6-b41b-58c754d45f79";;;;"677.0";"503.6";"0";"3.6";;;
"2019-10-08T13:14:55.540Z";"3528.359";"update";"items.Transform";;"29147110-06d6-4d89-9fd3-20e30664e5b8";"mignotch";"UbikeyOfficeVertical/1.4.4 (HALLNUMSTA02)";"863a4d1b-37ff-43d6-b41b-58c754d45f79";;;;"553.2";"231.2";"0";"1.0";;;
"2019-10-08T13:15:02.601Z";"3535.42";"update";"items.Transform";;"f973e81e-e42f-4829-9bbe-b7cd9f65a09b";"mignotch";"UbikeyOfficeVertical/1.4.4 (HALLNUMSTA02)";"863a4d1b-37ff-43d6-b41b-58c754d45f79";;;;"657.3";"506.7";"0";"3.6";;;
"2019-10-08T13:15:04.577Z";"3537.396";"update";"items.Transform";;"fb9037cc-528a-446b-9e60-967d660c5db0";"mignotch";"UbikeyOfficeVertical/1.4.4 (HALLNUMSTA02)";"863a4d1b-37ff-43d6-b41b-58c754d45f79";;;;"606.3";"883.3";"0";"1.0";;;
"2019-10-08T13:15:12.435Z";"3545.254";"update";"items.Transform";;"29147110-06d6-4d89-9fd3-20e30664e5b8";"mignotch";"UbikeyOfficeVertical/1.4.4 (HALLNUMSTA02)";"863a4d1b-37ff-43d6-b41b-58c754d45f79";;;;"553.2";"231.2";"0";"1.0";;;
"2019-10-08T13:15:13.863Z";"3546.682";"update";"items.Color";;"29147110-06d6-4d89-9fd3-20e30664e5b8";"mignotch";"UbikeyOfficeVertical/1.4.4 (HALLNUMSTA02)";"863a4d1b-37ff-43d6-b41b-58c754d45f79";;;;;;;;;"#FFA6FF33";
"2019-10-08T13:15:19.267Z";"3552.086";"update";"items.Transform";;"d2f811c6-c057-46fd-aa83-afa88e296861";"mignotch";"UbikeyOfficeVertical/1.4.4 (HALLNUMSTA02)";"863a4d1b-37ff-43d6-b41b-58c754d45f79";;;;"794.1";"410.7";"0";"1.0";;;
"2019-10-08T13:15:21.595Z";"3554.414";"create";"links";;"2e3386c2-1bd5-4978-a8e3-7e6215194591";"mignotch";"UbikeyOfficeVertical/1.4.4 (HALLNUMSTA02)";"863a4d1b-37ff-43d6-b41b-58c754d45f79";"3cd2392d-3ff0-43af-885e-01e5d10f32a7";;;;;;;;;
"2019-10-08T13:15:10.064Z";"3542.883";"update";"items.Text";;"29147110-06d6-4d89-9fd3-20e30664e5b8";"mignotch";"UbikeyOfficeVertical/1.4.4 (HALLNUMSTA02)";"863a4d1b-37ff-43d6-b41b-58c754d45f79";;;;;;;;"cahier de 20 pages";;
"2019-10-08T13:15:25.345Z";"3558.164";"update";"items.Transform";;"29147110-06d6-4d89-9fd3-20e30664e5b8";"mignotch";"UbikeyOfficeVertical/1.4.4 (HALLNUMSTA02)";"863a4d1b-37ff-43d6-b41b-58c754d45f79";;;;"553.2";"231.2";"0";"1.0";;;
"2019-10-08T13:15:26.103Z";"3558.922";"update";"items.Transform";;"39f87a9c-d334-478e-b657-eea03d4801f2";"mignotch";"UbikeyOfficeVertical/1.4.4 (HALLNUMSTA02)";"863a4d1b-37ff-43d6-b41b-58c754d45f79";;;;"422.6";"182.4";"0";"1.0";;;
"2019-10-08T13:15:26.662Z";"3559.481";"create";"items";"LayeredItem";"4a88354c-597d-4d14-9a98-8685d2e64639";"mignotch";"UbikeyOfficeVertical/1.4.4 (HALLNUMSTA02)";"863a4d1b-37ff-43d6-b41b-58c754d45f79";"3cd2392d-3ff0-43af-885e-01e5d10f32a7";;"b4756395-5c81-4528-b55d-3ee5546f374a";"593.4";"313.0";"0";"1.0";;;
"2019-10-08T13:15:26.718Z";"3559.537";"create";"items";"DrawingLayer";"06f0234c-a60a-42ec-ac5c-abe850d1e3f1";"mignotch";"UbikeyOfficeVertical/1.4.4 (HALLNUMSTA02)";"863a4d1b-37ff-43d6-b41b-58c754d45f79";"3cd2392d-3ff0-43af-885e-01e5d10f32a7";;"4a88354c-597d-4d14-9a98-8685d2e64639";;;;;;;
"2019-10-08T13:15:31.425Z";"3564.244";"update";"items.Transform";;"fb9037cc-528a-446b-9e60-967d660c5db0";"mignotch";"UbikeyOfficeVertical/1.4.4 (HALLNUMSTA02)";"863a4d1b-37ff-43d6-b41b-58c754d45f79";;;;"606.3";"883.3";"0";"1.0";;;
"2019-10-08T13:15:37.622Z";"3570.441";"update";"items";"LayeredItem:DrawingLayer";"4a88354c-597d-4d14-9a98-8685d2e64639";"mignotch";"UbikeyOfficeVertical/1.4.4 (HALLNUMSTA02)";;;"2d27f093-4301-45a6-bdff-a5c72a46a878";;"593.4";"313.0";"0";"1.0";;;
"2019-10-08T13:15:35.792Z";"3568.611";"update";"items.Transform";;"4a88354c-597d-4d14-9a98-8685d2e64639";"mignotch";"UbikeyOfficeVertical/1.4.4 (HALLNUMSTA02)";"863a4d1b-37ff-43d6-b41b-58c754d45f79";;;;"593.4";"313.0";"0";"1.0";;;
"2019-10-08T13:15:40.514Z";"3573.333";"update";"items.Transform";;"29147110-06d6-4d89-9fd3-20e30664e5b8";"mignotch";"UbikeyOfficeVertical/1.4.4 (HALLNUMSTA02)";"863a4d1b-37ff-43d6-b41b-58c754d45f79";;;;"542.2";"249.5";"0";"1.0";;;
"2019-10-08T13:16:02.272Z";"3595.091";"update";"items.Transform";;"405e1283-637c-4606-a284-b2a1c74df571";"mignotch";"UbikeyOfficeVertical/1.4.4 (HALLNUMSTA02)";"863a4d1b-37ff-43d6-b41b-58c754d45f79";;;;"971.3";"989.1";"0";"1.0";;;
"2019-10-08T13:16:02.781Z";"3595.6";"update";"items.Transform";;"c12d3e08-66ba-42f9-8890-b3f182e4d028";"mignotch";"UbikeyOfficeVertical/1.4.4 (HALLNUMSTA02)";"863a4d1b-37ff-43d6-b41b-58c754d45f79";;;;"1370.1";"871.2";"0";"1.0";;;
"2019-10-08T13:15:48.559Z";"3581.378";"update";"items.Text";;"29147110-06d6-4d89-9fd3-20e30664e5b8";"mignotch";"UbikeyOfficeVertical/1.4.4 (HALLNUMSTA02)";"863a4d1b-37ff-43d6-b41b-58c754d45f79";;;;;;;;"cahiers de 20 pages";;
"2019-10-08T13:16:03.795Z";"3596.614";"update";"items.Transform";;"f597da4e-0b92-4751-83ae-3a2310c31757";"mignotch";"UbikeyOfficeVertical/1.4.4 (HALLNUMSTA02)";"863a4d1b-37ff-43d6-b41b-58c754d45f79";;;;"1450.3";"626.9";"0";"1.0";;;
"2019-10-08T13:16:04.304Z";"3597.123";"update";"items.Transform";;"1c525046-71fb-481b-bd71-636a07175615";"mignotch";"UbikeyOfficeVertical/1.4.4 (HALLNUMSTA02)";"863a4d1b-37ff-43d6-b41b-58c754d45f79";;;;"1168.7";"429.3";"0";"1.0";;;
"2019-10-08T13:16:07.339Z";"3600.158";"update";"items.Transform";;"63d875a3-bb81-41a0-8687-e382fe30b988";"mignotch";"UbikeyOfficeVertical/1.4.4 (HALLNUMSTA02)";"863a4d1b-37ff-43d6-b41b-58c754d45f79";;;;"522.5";"614.7";"0";"1.0";;;
"2019-10-08T13:16:07.846Z";"3600.665";"update";"items.Transform";;"fb9037cc-528a-446b-9e60-967d660c5db0";"mignotch";"UbikeyOfficeVertical/1.4.4 (HALLNUMSTA02)";"863a4d1b-37ff-43d6-b41b-58c754d45f79";;;;"606.3";"883.3";"0";"1.0";;;
"2019-10-08T13:16:12.370Z";"3605.189";"update";"items.Transform";;"29147110-06d6-4d89-9fd3-20e30664e5b8";"mignotch";"UbikeyOfficeVertical/1.4.4 (HALLNUMSTA02)";"863a4d1b-37ff-43d6-b41b-58c754d45f79";;;;"542.2";"249.5";"0";"1.0";;;
"2019-10-08T13:16:46.230Z";"3639.049";"update";"items.Transform";;"fb9037cc-528a-446b-9e60-967d660c5db0";"mignotch";"UbikeyOfficeVertical/1.4.4 (HALLNUMSTA02)";"863a4d1b-37ff-43d6-b41b-58c754d45f79";;;;"606.3";"883.3";"0";"1.0";;;
"2019-10-08T13:17:18.541Z";"3671.36";"update";"items.Transform";;"29147110-06d6-4d89-9fd3-20e30664e5b8";"mignotch";"UbikeyOfficeVertical/1.4.4 (HALLNUMSTA02)";"863a4d1b-37ff-43d6-b41b-58c754d45f79";;;;"491.6";"268.8";"0";"1.3";;;
"2019-10-08T13:17:28.674Z";"3681.493";"update";"items.Transform";;"29147110-06d6-4d89-9fd3-20e30664e5b8";"mignotch";"UbikeyOfficeVertical/1.4.4 (HALLNUMSTA02)";"863a4d1b-37ff-43d6-b41b-58c754d45f79";;;;"438.8";"240.9";"0";"1.8";;;
"2019-10-08T13:17:36.197Z";"3689.016";"update";"items.Transform";;"d2f811c6-c057-46fd-aa83-afa88e296861";"mignotch";"UbikeyOfficeVertical/1.4.4 (HALLNUMSTA02)";"863a4d1b-37ff-43d6-b41b-58c754d45f79";;;;"869.4";"409.6";"0";"1.0";;;
"2019-10-08T13:17:38.762Z";"3691.581";"update";"items.Transform";;"29147110-06d6-4d89-9fd3-20e30664e5b8";"mignotch";"UbikeyOfficeVertical/1.4.4 (HALLNUMSTA02)";"863a4d1b-37ff-43d6-b41b-58c754d45f79";;;;"438.8";"240.9";"0";"1.8";;;
"2019-10-08T13:17:51.446Z";"3704.265";"update";"items.Text";;"29147110-06d6-4d89-9fd3-20e30664e5b8";"mignotch";"UbikeyOfficeVertical/1.4.4 (HALLNUMSTA02)";"863a4d1b-37ff-43d6-b41b-58c754d45f79";;;;;;;;"cahiers de 20 pages (sans couverture, qui se rangent dans un classeur)";;
"2019-10-08T13:19:38.554Z";"3811.373";"update";"items.Transform";;"790ceb2a-33aa-4faf-9e7a-d45d897d1d7a";"mignotch";"UbikeyOfficeVertical/1.4.4 (HALLNUMSTA02)";"863a4d1b-37ff-43d6-b41b-58c754d45f79";;;;"934.4";"1235.1";"0";"1.3";;;
"2019-10-08T13:19:40.954Z";"3813.773";"create";"items";"Postit";"4971f73d-d845-4643-bc4b-c4831f5f7043";"mignotch";"UbikeyOfficeVertical/1.4.4 (HALLNUMSTA02)";"863a4d1b-37ff-43d6-b41b-58c754d45f79";"3cd2392d-3ff0-43af-885e-01e5d10f32a7";;"b4756395-5c81-4528-b55d-3ee5546f374a";"1781.4";"1109.0";"0";"1.0";"";;
"2019-10-08T13:20:29.556Z";"3862.375";"update";"items.Color";;"4971f73d-d845-4643-bc4b-c4831f5f7043";"mignotch";"UbikeyOfficeVertical/1.4.4 (HALLNUMSTA02)";"863a4d1b-37ff-43d6-b41b-58c754d45f79";;;;;;;;;"#FFA6FF33";
"2019-10-08T13:20:37.138Z";"3869.957";"update";"items.Transform";;"4971f73d-d845-4643-bc4b-c4831f5f7043";"mignotch";"UbikeyOfficeVertical/1.4.4 (HALLNUMSTA02)";"863a4d1b-37ff-43d6-b41b-58c754d45f79";;;;"1760.1";"609.6";"0";"1.3";;;
"2019-10-08T13:20:38.707Z";"3871.526";"update";"items.Transform";;"f597da4e-0b92-4751-83ae-3a2310c31757";"mignotch";"UbikeyOfficeVertical/1.4.4 (HALLNUMSTA02)";"863a4d1b-37ff-43d6-b41b-58c754d45f79";;;;"1450.3";"626.9";"0";"1.0";;;
"2019-10-08T13:20:24.261Z";"3857.08";"update";"items.Text";;"4971f73d-d845-4643-bc4b-c4831f5f7043";"mignotch";"UbikeyOfficeVertical/1.4.4 (HALLNUMSTA02)";"863a4d1b-37ff-43d6-b41b-58c754d45f79";;;;;;;;"feuille planning sur 2 semaines";;
"2019-10-08T13:20:40.983Z";"3873.802";"create";"links";;"0947085f-cd81-4c55-ab88-e4bcf3090e32";"mignotch";"UbikeyOfficeVertical/1.4.4 (HALLNUMSTA02)";"863a4d1b-37ff-43d6-b41b-58c754d45f79";"3cd2392d-3ff0-43af-885e-01e5d10f32a7";;;;;;;;;
"2019-10-08T13:20:45.259Z";"3878.078";"create";"items";"Postit";"578501be-5017-44b1-9810-6abae2bd0fc7";"mignotch";"UbikeyOfficeVertical/1.4.4 (HALLNUMSTA02)";"863a4d1b-37ff-43d6-b41b-58c754d45f79";"3cd2392d-3ff0-43af-885e-01e5d10f32a7";;"b4756395-5c81-4528-b55d-3ee5546f374a";"1621.4";"1135.0";"0";"1.0";"";;
"2019-10-08T13:20:53.661Z";"3886.48";"update";"items.Color";;"578501be-5017-44b1-9810-6abae2bd0fc7";"mignotch";"UbikeyOfficeVertical/1.4.4 (HALLNUMSTA02)";"863a4d1b-37ff-43d6-b41b-58c754d45f79";;;;;;;;;"#FFA6FF33";
"2019-10-08T13:21:00.470Z";"3893.289";"update";"items.Transform";;"578501be-5017-44b1-9810-6abae2bd0fc7";"mignotch";"UbikeyOfficeVertical/1.4.4 (HALLNUMSTA02)";"863a4d1b-37ff-43d6-b41b-58c754d45f79";;;;"1645.8";"860.9";"0";"1.2";;;
"2019-10-08T13:21:00.930Z";"3893.749";"update";"items.Transform";;"c12d3e08-66ba-42f9-8890-b3f182e4d028";"mignotch";"UbikeyOfficeVertical/1.4.4 (HALLNUMSTA02)";"863a4d1b-37ff-43d6-b41b-58c754d45f79";;;;"1370.1";"871.2";"0";"1.0";;;
"2019-10-08T13:21:01.898Z";"3894.717";"create";"links";;"8d0e5da3-4dc0-443e-9ab2-cc24a27b2c3b";"mignotch";"UbikeyOfficeVertical/1.4.4 (HALLNUMSTA02)";"863a4d1b-37ff-43d6-b41b-58c754d45f79";"3cd2392d-3ff0-43af-885e-01e5d10f32a7";;;;;;;;;
"2019-10-08T13:21:03.977Z";"3896.796";"update";"items.Transform";;"790ceb2a-33aa-4faf-9e7a-d45d897d1d7a";"mignotch";"UbikeyOfficeVertical/1.4.4 (HALLNUMSTA02)";"863a4d1b-37ff-43d6-b41b-58c754d45f79";;;;"934.4";"1235.1";"0";"1.3";;;
"2019-10-08T13:20:50.210Z";"3883.029";"update";"items.Text";;"578501be-5017-44b1-9810-6abae2bd0fc7";"mignotch";"UbikeyOfficeVertical/1.4.4 (HALLNUMSTA02)";"863a4d1b-37ff-43d6-b41b-58c754d45f79";;;;;;;;"feuille suivi";;
"2019-10-08T13:21:05.805Z";"3898.624";"update";"items.Size";;"790ceb2a-33aa-4faf-9e7a-d45d897d1d7a";"mignotch";"UbikeyOfficeVertical/1.4.4 (HALLNUMSTA02)";"863a4d1b-37ff-43d6-b41b-58c754d45f79";;;;;;;;;"200,128";
"2019-10-08T13:21:05.807Z";"3898.626";"update";"items.Style";;"790ceb2a-33aa-4faf-9e7a-d45d897d1d7a";"mignotch";"UbikeyOfficeVertical/1.4.4 (HALLNUMSTA02)";"863a4d1b-37ff-43d6-b41b-58c754d45f79";;;;;;;;;"RectanglePostit";
"2019-10-08T13:21:10.027Z";"3902.846";"update";"items.Transform";;"29147110-06d6-4d89-9fd3-20e30664e5b8";"mignotch";"UbikeyOfficeVertical/1.4.4 (HALLNUMSTA02)";"863a4d1b-37ff-43d6-b41b-58c754d45f79";;;;"438.8";"240.9";"0";"1.8";;;
"2019-10-08T13:21:15.185Z";"3908.004";"update";"items.Style";;"29147110-06d6-4d89-9fd3-20e30664e5b8";"mignotch";"UbikeyOfficeVertical/1.4.4 (HALLNUMSTA02)";"863a4d1b-37ff-43d6-b41b-58c754d45f79";;;;;;;;;"RectanglePostit";
"2019-10-08T13:21:15.187Z";"3908.006";"update";"items.Size";;"29147110-06d6-4d89-9fd3-20e30664e5b8";"mignotch";"UbikeyOfficeVertical/1.4.4 (HALLNUMSTA02)";"863a4d1b-37ff-43d6-b41b-58c754d45f79";;;;;;;;;"200,128";
"2019-10-08T13:21:28.240Z";"3921.059";"update";"items.Transform";;"29147110-06d6-4d89-9fd3-20e30664e5b8";"mignotch";"UbikeyOfficeVertical/1.4.4 (HALLNUMSTA02)";"863a4d1b-37ff-43d6-b41b-58c754d45f79";;;;"490.4";"318.5";"0";"1.4";;;
"2019-10-08T13:21:33.270Z";"3926.089";"update";"items.Transform";;"63d875a3-bb81-41a0-8687-e382fe30b988";"mignotch";"UbikeyOfficeVertical/1.4.4 (HALLNUMSTA02)";"863a4d1b-37ff-43d6-b41b-58c754d45f79";;;;"522.5";"614.7";"0";"1.0";;;
"2019-10-08T13:21:35.920Z";"3928.739";"create";"links";;"3ab05d36-1e81-405f-bb36-e221260845d9";"mignotch";"UbikeyOfficeVertical/1.4.4 (HALLNUMSTA02)";"863a4d1b-37ff-43d6-b41b-58c754d45f79";"3cd2392d-3ff0-43af-885e-01e5d10f32a7";;;;;;;;;
"2019-10-08T13:21:38.330Z";"3931.149";"update";"items.Transform";;"fb9037cc-528a-446b-9e60-967d660c5db0";"mignotch";"UbikeyOfficeVertical/1.4.4 (HALLNUMSTA02)";"863a4d1b-37ff-43d6-b41b-58c754d45f79";;;;"606.3";"883.3";"0";"1.0";;;
"2019-10-08T13:21:42.566Z";"3935.385";"create";"items";"Postit";"f835de2f-ac4a-479e-afca-4ec38b26ae2a";"mignotch";"UbikeyOfficeVertical/1.4.4 (HALLNUMSTA02)";"863a4d1b-37ff-43d6-b41b-58c754d45f79";"3cd2392d-3ff0-43af-885e-01e5d10f32a7";;"b4756395-5c81-4528-b55d-3ee5546f374a";"586.4";"1162.0";"0";"1.0";"";;
"2019-10-08T13:21:45.848Z";"3938.667";"update";"items.Transform";;"a148b1b8-73bb-422d-9ad1-0db8c260b3d0";"mignotch";"UbikeyOfficeVertical/1.4.4 (HALLNUMSTA02)";"863a4d1b-37ff-43d6-b41b-58c754d45f79";;;;"378.8";"674.1";"0";"1.7";;;
"2019-10-08T13:21:48.077Z";"3940.896";"create";"items";"LayeredItem";"f12de22b-bbe4-4d4e-8e6f-b6362c13fa3d";"mignotch";"UbikeyOfficeVertical/1.4.4 (HALLNUMSTA02)";"863a4d1b-37ff-43d6-b41b-58c754d45f79";"c0f71c5d-0607-44a5-8291-bf43ba51a743";;"5139f7e7-51c8-4495-a9a4-30969cba1e34";"1144.0";"393.0";"0";"1.0";;;
"2019-10-08T13:21:48.181Z";"3941";"create";"items";"DrawingLayer";"c48c47b6-ea0d-4c10-97f1-344348562e8a";"mignotch";"UbikeyOfficeVertical/1.4.4 (HALLNUMSTA02)";"863a4d1b-37ff-43d6-b41b-58c754d45f79";"c0f71c5d-0607-44a5-8291-bf43ba51a743";;"f12de22b-bbe4-4d4e-8e6f-b6362c13fa3d";;;;;;;
"2019-10-08T13:21:50.164Z";"3942.983";"update";"items.Transform";;"f12de22b-bbe4-4d4e-8e6f-b6362c13fa3d";"mignotch";"UbikeyOfficeVertical/1.4.4 (HALLNUMSTA02)";"863a4d1b-37ff-43d6-b41b-58c754d45f79";;;;"944.1";"252.2";"0";"1.8";;;
"2019-10-08T13:21:59.617Z";"3952.436";"update";"items.Drawing";;"c48c47b6-ea0d-4c10-97f1-344348562e8a";"mignotch";"UbikeyOfficeVertical/1.4.4 (HALLNUMSTA02)";"863a4d1b-37ff-43d6-b41b-58c754d45f79";;;;;;;;;;
"2019-10-08T13:22:06.451Z";"3959.27";"update";"items.Drawing";;"c48c47b6-ea0d-4c10-97f1-344348562e8a";"mignotch";"UbikeyOfficeVertical/1.4.4 (HALLNUMSTA02)";"863a4d1b-37ff-43d6-b41b-58c754d45f79";;;;;;;;;;
"2019-10-08T13:22:12.442Z";"3965.261";"update";"items.Transform";;"f835de2f-ac4a-479e-afca-4ec38b26ae2a";"mignotch";"UbikeyOfficeVertical/1.4.4 (HALLNUMSTA02)";"863a4d1b-37ff-43d6-b41b-58c754d45f79";;;;"586.7";"1098.6";"0";"1.0";;;
"2019-10-08T13:22:20.067Z";"3972.886";"update";"items.Transform";;"f835de2f-ac4a-479e-afca-4ec38b26ae2a";"mignotch";"UbikeyOfficeVertical/1.4.4 (HALLNUMSTA02)";"863a4d1b-37ff-43d6-b41b-58c754d45f79";;;;"586.7";"1098.6";"0";"1.0";;;
"2019-10-08T13:22:21.346Z";"3974.165";"update";"items.Color";;"f835de2f-ac4a-479e-afca-4ec38b26ae2a";"mignotch";"UbikeyOfficeVertical/1.4.4 (HALLNUMSTA02)";"863a4d1b-37ff-43d6-b41b-58c754d45f79";;;;;;;;;"#FFA6FF33";
"2019-10-08T13:22:22.314Z";"3975.133";"update";"items.Transform";;"fb9037cc-528a-446b-9e60-967d660c5db0";"mignotch";"UbikeyOfficeVertical/1.4.4 (HALLNUMSTA02)";"863a4d1b-37ff-43d6-b41b-58c754d45f79";;;;"606.3";"883.3";"0";"1.0";;;
"2019-10-08T13:22:23.401Z";"3976.22";"create";"links";;"9dad0a9d-3ad7-4324-94d9-3d550a199e53";"mignotch";"UbikeyOfficeVertical/1.4.4 (HALLNUMSTA02)";"863a4d1b-37ff-43d6-b41b-58c754d45f79";"3cd2392d-3ff0-43af-885e-01e5d10f32a7";;;;;;;;;
"2019-10-08T13:22:29.680Z";"3982.499";"update";"items.Transform";;"f835de2f-ac4a-479e-afca-4ec38b26ae2a";"mignotch";"UbikeyOfficeVertical/1.4.4 (HALLNUMSTA02)";"863a4d1b-37ff-43d6-b41b-58c754d45f79";;;;"606.3";"1159.9";"0";"1.0";;;
"2019-10-08T13:22:31.934Z";"3984.753";"update";"items.Drawing";;"c48c47b6-ea0d-4c10-97f1-344348562e8a";"mignotch";"UbikeyOfficeVertical/1.4.4 (HALLNUMSTA02)";"863a4d1b-37ff-43d6-b41b-58c754d45f79";;;;;;;;;;
"2019-10-08T13:22:17.488Z";"3970.307";"update";"items.Text";;"f835de2f-ac4a-479e-afca-4ec38b26ae2a";"mignotch";"UbikeyOfficeVertical/1.4.4 (HALLNUMSTA02)";"863a4d1b-37ff-43d6-b41b-58c754d45f79";;;;;;;;"pochette légère où glisser 2 cahiers";;
"2019-10-08T13:22:40.473Z";"3993.292";"update";"items.Transform";;"c12d3e08-66ba-42f9-8890-b3f182e4d028";"mignotch";"UbikeyOfficeVertical/1.4.4 (HALLNUMSTA02)";"863a4d1b-37ff-43d6-b41b-58c754d45f79";;;;"1370.1";"871.2";"0";"1.0";;;
"2019-10-08T13:22:44.075Z";"3996.894";"update";"items.Transform";;"578501be-5017-44b1-9810-6abae2bd0fc7";"mignotch";"UbikeyOfficeVertical/1.4.4 (HALLNUMSTA02)";"863a4d1b-37ff-43d6-b41b-58c754d45f79";;;;"1645.8";"860.9";"0";"1.2";;;
"2019-10-08T13:23:00.231Z";"4013.05";"update";"items.Drawing";;"c48c47b6-ea0d-4c10-97f1-344348562e8a";"mignotch";"UbikeyOfficeVertical/1.4.4 (HALLNUMSTA02)";"863a4d1b-37ff-43d6-b41b-58c754d45f79";;;;;;;;;;
"2019-10-08T13:23:11.295Z";"4024.114";"create";"items";"LayeredItem";"c2ee15fa-56e4-44d1-bea4-acc5e548982e";"mignotch";"UbikeyOfficeVertical/1.4.4 (HALLNUMSTA02)";"863a4d1b-37ff-43d6-b41b-58c754d45f79";"c0f71c5d-0607-44a5-8291-bf43ba51a743";;"5139f7e7-51c8-4495-a9a4-30969cba1e34";"930.0";"1039.0";"0";"1.0";;;
"2019-10-08T13:23:11.349Z";"4024.168";"create";"items";"DrawingLayer";"3e35d787-e73b-4e42-b4bf-b2ced8c2fb5c";"mignotch";"UbikeyOfficeVertical/1.4.4 (HALLNUMSTA02)";"863a4d1b-37ff-43d6-b41b-58c754d45f79";"c0f71c5d-0607-44a5-8291-bf43ba51a743";;"c2ee15fa-56e4-44d1-bea4-acc5e548982e";;;;;;;
"2019-10-08T13:23:11.868Z";"4024.687";"create";"items";"Postit";"fb9f3efc-ded7-4548-9cf7-e751002b1899";"mignotch";"UbikeyOfficeVertical/1.4.4 (HALLNUMSTA02)";"863a4d1b-37ff-43d6-b41b-58c754d45f79";"3cd2392d-3ff0-43af-885e-01e5d10f32a7";;"b4756395-5c81-4528-b55d-3ee5546f374a";"1570.4";"355.0";"0";"1.0";"";;
"2019-10-08T13:23:14.847Z";"4027.666";"update";"items.Transform";;"c2ee15fa-56e4-44d1-bea4-acc5e548982e";"mignotch";"UbikeyOfficeVertical/1.4.4 (HALLNUMSTA02)";"863a4d1b-37ff-43d6-b41b-58c754d45f79";;;;"797.6";"1095.1";"0";"2.2";;;
"2019-10-08T13:23:16.039Z";"4028.858";"update";"items.Style";;"c2ee15fa-56e4-44d1-bea4-acc5e548982e";"mignotch";"UbikeyOfficeVertical/1.4.4 (HALLNUMSTA02)";"863a4d1b-37ff-43d6-b41b-58c754d45f79";;;;;;;;;"LayeredItem";
"2019-10-08T13:23:05.229Z";"4018.048";"update";"items.Text";;"578501be-5017-44b1-9810-6abae2bd0fc7";"mignotch";"UbikeyOfficeVertical/1.4.4 (HALLNUMSTA02)";"863a4d1b-37ff-43d6-b41b-58c754d45f79";;;;;;;;"feuille suivi + infos enfant";;
"2019-10-08T13:23:24.225Z";"4037.044";"update";"items.Drawing";;"3e35d787-e73b-4e42-b4bf-b2ced8c2fb5c";"mignotch";"UbikeyOfficeVertical/1.4.4 (HALLNUMSTA02)";"863a4d1b-37ff-43d6-b41b-58c754d45f79";;;;;;;;;;
"2019-10-08T13:23:29.500Z";"4042.319";"update";"items.Transform";;"c2ee15fa-56e4-44d1-bea4-acc5e548982e";"mignotch";"UbikeyOfficeVertical/1.4.4 (HALLNUMSTA02)";"863a4d1b-37ff-43d6-b41b-58c754d45f79";;;;"753.2";"1186.9";"0";"2.2";;;
"2019-10-08T13:23:32.340Z";"4045.159";"update";"items.Style";;"c2ee15fa-56e4-44d1-bea4-acc5e548982e";"mignotch";"UbikeyOfficeVertical/1.4.4 (HALLNUMSTA02)";"863a4d1b-37ff-43d6-b41b-58c754d45f79";;;;;;;;;"LayeredItem";
"2019-10-08T13:23:42.583Z";"4055.402";"update";"items.Drawing";;"3e35d787-e73b-4e42-b4bf-b2ced8c2fb5c";"mignotch";"UbikeyOfficeVertical/1.4.4 (HALLNUMSTA02)";"863a4d1b-37ff-43d6-b41b-58c754d45f79";;;;;;;;;;
"2019-10-08T13:23:44.625Z";"4057.444";"update";"items.Transform";;"1c525046-71fb-481b-bd71-636a07175615";"mignotch";"UbikeyOfficeVertical/1.4.4 (HALLNUMSTA02)";"863a4d1b-37ff-43d6-b41b-58c754d45f79";;;;"1168.7";"429.3";"0";"1.0";;;
"2019-10-08T13:23:45.646Z";"4058.465";"create";"links";;"04ea1de7-d156-4695-9c7d-6db22d2481ad";"mignotch";"UbikeyOfficeVertical/1.4.4 (HALLNUMSTA02)";"863a4d1b-37ff-43d6-b41b-58c754d45f79";"3cd2392d-3ff0-43af-885e-01e5d10f32a7";;;;;;;;;
"2019-10-08T13:23:46.209Z";"4059.028";"update";"items.Transform";;"fb9f3efc-ded7-4548-9cf7-e751002b1899";"mignotch";"UbikeyOfficeVertical/1.4.4 (HALLNUMSTA02)";"863a4d1b-37ff-43d6-b41b-58c754d45f79";;;;"1470.4";"291.0";"0";"1.0";;;
"2019-10-08T13:23:47.598Z";"4060.417";"update";"items.Color";;"fb9f3efc-ded7-4548-9cf7-e751002b1899";"mignotch";"UbikeyOfficeVertical/1.4.4 (HALLNUMSTA02)";"863a4d1b-37ff-43d6-b41b-58c754d45f79";;;;;;;;;"#FFA6FF33";
"2019-10-08T13:23:52.779Z";"4065.598";"update";"items.Transform";;"fb9037cc-528a-446b-9e60-967d660c5db0";"mignotch";"UbikeyOfficeVertical/1.4.4 (HALLNUMSTA02)";"863a4d1b-37ff-43d6-b41b-58c754d45f79";;;;"606.3";"883.3";"0";"1.0";;;
"2019-10-08T13:23:38.567Z";"4051.386";"update";"items.Text";;"fb9f3efc-ded7-4548-9cf7-e751002b1899";"mignotch";"UbikeyOfficeVertical/1.4.4 (HALLNUMSTA02)";"863a4d1b-37ff-43d6-b41b-58c754d45f79";;;;;;;;"poche detachable où 
mettre le livre";;
"2019-10-08T13:23:54.019Z";"4066.838";"create";"links";;"5fe887ed-bc93-4d14-9d3f-4d09927ab11e";"mignotch";"UbikeyOfficeVertical/1.4.4 (HALLNUMSTA02)";"863a4d1b-37ff-43d6-b41b-58c754d45f79";"3cd2392d-3ff0-43af-885e-01e5d10f32a7";;;;;;;;;
"2019-10-08T13:23:58.614Z";"4071.433";"delete";"links";;"04ea1de7-d156-4695-9c7d-6db22d2481ad";"mignotch";"UbikeyOfficeVertical/1.4.4 (HALLNUMSTA02)";"863a4d1b-37ff-43d6-b41b-58c754d45f79";"3cd2392d-3ff0-43af-885e-01e5d10f32a7";;;;;;;;;
"2019-10-08T13:24:09.617Z";"4082.436";"update";"items.Drawing";;"3e35d787-e73b-4e42-b4bf-b2ced8c2fb5c";"mignotch";"UbikeyOfficeVertical/1.4.4 (HALLNUMSTA02)";"863a4d1b-37ff-43d6-b41b-58c754d45f79";;;;;;;;;;
"2019-10-08T13:24:21.099Z";"4093.918";"update";"items.Transform";;"fb9f3efc-ded7-4548-9cf7-e751002b1899";"mignotch";"UbikeyOfficeVertical/1.4.4 (HALLNUMSTA02)";"863a4d1b-37ff-43d6-b41b-58c754d45f79";;;;"1470.4";"291.0";"0";"1.0";;;
"2019-10-08T13:24:30.140Z";"4102.959";"update";"items.Transform";;"f973e81e-e42f-4829-9bbe-b7cd9f65a09b";"mignotch";"UbikeyOfficeVertical/1.4.4 (HALLNUMSTA02)";"863a4d1b-37ff-43d6-b41b-58c754d45f79";;;;"657.3";"506.7";"0";"3.6";;;
"2019-10-08T13:24:32.312Z";"4105.131";"update";"items.Drawing";;"3e35d787-e73b-4e42-b4bf-b2ced8c2fb5c";"mignotch";"UbikeyOfficeVertical/1.4.4 (HALLNUMSTA02)";"863a4d1b-37ff-43d6-b41b-58c754d45f79";;;;;;;;;;
"2019-10-08T13:24:37.757Z";"4110.576";"update";"items.Transform";;"fb9f3efc-ded7-4548-9cf7-e751002b1899";"mignotch";"UbikeyOfficeVertical/1.4.4 (HALLNUMSTA02)";"863a4d1b-37ff-43d6-b41b-58c754d45f79";;;;"1431.2";"239.2";"0";"1.4";;;
"2019-10-08T13:24:39.497Z";"4112.316";"update";"items.Transform";;"f835de2f-ac4a-479e-afca-4ec38b26ae2a";"mignotch";"UbikeyOfficeVertical/1.4.4 (HALLNUMSTA02)";"863a4d1b-37ff-43d6-b41b-58c754d45f79";;;;"606.3";"1159.9";"0";"1.0";;;
"2019-10-08T13:24:48.638Z";"4121.457";"update";"items";"Postit";"e1528281-0732-4260-80c1-ad93793b0480";"mignotch";"UbikeyOfficeVertical/1.4.4 (HALLNUMSTA02)";;;"2d27f093-4301-45a6-bdff-a5c72a46a878";;"971.3";"163.4";"0";"1.0";"0695106228";;
"2019-10-08T13:24:30.895Z";"4103.714";"update";"items.Text";;"fb9f3efc-ded7-4548-9cf7-e751002b1899";"mignotch";"UbikeyOfficeVertical/1.4.4 (HALLNUMSTA02)";"863a4d1b-37ff-43d6-b41b-58c754d45f79";;;;;;;;"poche detachable (scratch) où 
mettre le livre";;
"2019-10-08T13:24:48.323Z";"4121.142";"update";"items.Transform";;"e1528281-0732-4260-80c1-ad93793b0480";"mignotch";"UbikeyOfficeVertical/1.4.4 (HALLNUMSTA02)";"863a4d1b-37ff-43d6-b41b-58c754d45f79";;;;"971.3";"163.4";"0";"1.0";;;
"2019-10-08T13:24:50.300Z";"4123.119";"update";"items.Drawing";;"3e35d787-e73b-4e42-b4bf-b2ced8c2fb5c";"mignotch";"UbikeyOfficeVertical/1.4.4 (HALLNUMSTA02)";"863a4d1b-37ff-43d6-b41b-58c754d45f79";;;;;;;;;;
"2019-10-08T13:24:54.585Z";"4127.404";"update";"items.Transform";;"f835de2f-ac4a-479e-afca-4ec38b26ae2a";"mignotch";"UbikeyOfficeVertical/1.4.4 (HALLNUMSTA02)";"863a4d1b-37ff-43d6-b41b-58c754d45f79";;;;"606.3";"1159.9";"0";"1.0";;;
"2019-10-08T13:24:56.967Z";"4129.786";"update";"items.Drawing";;"c48c47b6-ea0d-4c10-97f1-344348562e8a";"mignotch";"UbikeyOfficeVertical/1.4.4 (HALLNUMSTA02)";"863a4d1b-37ff-43d6-b41b-58c754d45f79";;;;;;;;;;
"2019-10-08T13:25:12.886Z";"4145.705";"update";"items";"Postit";"7eb1dfb5-bf57-4938-a829-b2b740e03d10";"mignotch";"UbikeyOfficeVertical/1.4.4 (HALLNUMSTA02)";;;"2d27f093-4301-45a6-bdff-a5c72a46a878";;"435.0";"1135.0";"0";"1.0";"";;
"2019-10-08T13:25:09.724Z";"4142.543";"update";"items.Transform";;"f12de22b-bbe4-4d4e-8e6f-b6362c13fa3d";"mignotch";"UbikeyOfficeVertical/1.4.4 (HALLNUMSTA02)";"863a4d1b-37ff-43d6-b41b-58c754d45f79";;;;"995.1";"317.7";"0";"1.8";;;
"2019-10-08T13:25:10.472Z";"4143.291";"update";"items.Drawing";;"3e35d787-e73b-4e42-b4bf-b2ced8c2fb5c";"mignotch";"UbikeyOfficeVertical/1.4.4 (HALLNUMSTA02)";"863a4d1b-37ff-43d6-b41b-58c754d45f79";;;;;;;;;;
"2019-10-08T13:25:11.509Z";"4144.328";"create";"items";"Postit";"7eb1dfb5-bf57-4938-a829-b2b740e03d10";"mignotch";"UbikeyOfficeVertical/1.4.4 (HALLNUMSTA02)";"863a4d1b-37ff-43d6-b41b-58c754d45f79";"c0f71c5d-0607-44a5-8291-bf43ba51a743";;"5139f7e7-51c8-4495-a9a4-30969cba1e34";"435.0";"1135.0";"0";"1.0";"";;
"2019-10-08T13:25:15.572Z";"4148.391";"create";"items";"GroupLayeredItem";"52fe6a55-16c9-45b3-a532-fccd5ae5a81b";"mignotch";"UbikeyOfficeVertical/1.4.4 (HALLNUMSTA02)";"863a4d1b-37ff-43d6-b41b-58c754d45f79";"c0f71c5d-0607-44a5-8291-bf43ba51a743";;"5139f7e7-51c8-4495-a9a4-30969cba1e34";"381.0";"1048.0";"0";"1.0";"Groupe";;
"2019-10-08T13:25:15.628Z";"4148.447";"create";"items";"DiagramLayer";"c9106318-dcd5-41c8-b5a4-b6be467dd04f";"mignotch";"UbikeyOfficeVertical/1.4.4 (HALLNUMSTA02)";"863a4d1b-37ff-43d6-b41b-58c754d45f79";"c0f71c5d-0607-44a5-8291-bf43ba51a743";;"52fe6a55-16c9-45b3-a532-fccd5ae5a81b";;;;;;;
"2019-10-08T13:25:18.370Z";"4151.189";"update";"items.Transform";;"f12de22b-bbe4-4d4e-8e6f-b6362c13fa3d";"mignotch";"UbikeyOfficeVertical/1.4.4 (HALLNUMSTA02)";"863a4d1b-37ff-43d6-b41b-58c754d45f79";;;;"949.7";"334.1";"0";"1.8";;;
"2019-10-08T13:25:03.780Z";"4136.599";"update";"items.Text";;"f835de2f-ac4a-479e-afca-4ec38b26ae2a";"mignotch";"UbikeyOfficeVertical/1.4.4 (HALLNUMSTA02)";"863a4d1b-37ff-43d6-b41b-58c754d45f79";;;;;;;;"pochette légère où glisser 2 cahiers avec bretelles";;
"2019-10-08T13:25:24.277Z";"4157.096";"update";"items";"GroupLayeredItem:DiagramLayer";"52fe6a55-16c9-45b3-a532-fccd5ae5a81b";"mignotch";"UbikeyOfficeVertical/1.4.4 (HALLNUMSTA02)";;;"2d27f093-4301-45a6-bdff-a5c72a46a878";;"381.0";"1048.0";"0";"1.0";"Groupe";;
"2019-10-08T13:25:28.901Z";"4161.72";"update";"items";"Postit";"701876ac-e281-4611-86c9-2460ad982814";"mignotch";"UbikeyOfficeVertical/1.4.4 (HALLNUMSTA02)";;;"2d27f093-4301-45a6-bdff-a5c72a46a878";;"521.0";"1165.0";"0";"1.0";"";;
"2019-10-08T13:25:27.794Z";"4160.613";"create";"items";"Postit";"701876ac-e281-4611-86c9-2460ad982814";"mignotch";"UbikeyOfficeVertical/1.4.4 (HALLNUMSTA02)";"863a4d1b-37ff-43d6-b41b-58c754d45f79";"c0f71c5d-0607-44a5-8291-bf43ba51a743";;"5139f7e7-51c8-4495-a9a4-30969cba1e34";"521.0";"1165.0";"0";"1.0";"";;
"2019-10-08T13:25:29.327Z";"4162.146";"update";"items.Drawing";;"3e35d787-e73b-4e42-b4bf-b2ced8c2fb5c";"mignotch";"UbikeyOfficeVertical/1.4.4 (HALLNUMSTA02)";"863a4d1b-37ff-43d6-b41b-58c754d45f79";;;;;;;;;;
"2019-10-08T13:25:31.047Z";"4163.866";"create";"items";"LayeredItem";"37ecd7b4-667d-4227-8310-4edcb7befcff";"mignotch";"UbikeyOfficeVertical/1.4.4 (HALLNUMSTA02)";"863a4d1b-37ff-43d6-b41b-58c754d45f79";"c0f71c5d-0607-44a5-8291-bf43ba51a743";;"5139f7e7-51c8-4495-a9a4-30969cba1e34";"404.0";"1079.0";"0";"1.0";;;
"2019-10-08T13:25:31.109Z";"4163.928";"create";"items";"DrawingLayer";"7e80ac24-c9e4-4b01-81e6-dd735a4eac0f";"mignotch";"UbikeyOfficeVertical/1.4.4 (HALLNUMSTA02)";"863a4d1b-37ff-43d6-b41b-58c754d45f79";"c0f71c5d-0607-44a5-8291-bf43ba51a743";;"37ecd7b4-667d-4227-8310-4edcb7befcff";;;;;;;
"2019-10-08T13:25:35.164Z";"4167.983";"update";"items.Transform";;"37ecd7b4-667d-4227-8310-4edcb7befcff";"mignotch";"UbikeyOfficeVertical/1.4.4 (HALLNUMSTA02)";"863a4d1b-37ff-43d6-b41b-58c754d45f79";;;;"243.2";"1069.0";"0";"1.0";;;
"2019-10-08T13:25:46.447Z";"4179.266";"update";"items.Drawing";;"7e80ac24-c9e4-4b01-81e6-dd735a4eac0f";"mignotch";"UbikeyOfficeVertical/1.4.4 (HALLNUMSTA02)";"863a4d1b-37ff-43d6-b41b-58c754d45f79";;;;;;;;;;
"2019-10-08T13:25:48.166Z";"4180.985";"update";"items.Drawing";;"3e35d787-e73b-4e42-b4bf-b2ced8c2fb5c";"mignotch";"UbikeyOfficeVertical/1.4.4 (HALLNUMSTA02)";"863a4d1b-37ff-43d6-b41b-58c754d45f79";;;;;;;;;;
"2019-10-08T13:26:02.130Z";"4194.949";"update";"items.Drawing";;"7e80ac24-c9e4-4b01-81e6-dd735a4eac0f";"mignotch";"UbikeyOfficeVertical/1.4.4 (HALLNUMSTA02)";"863a4d1b-37ff-43d6-b41b-58c754d45f79";;;;;;;;;;
"2019-10-08T13:26:07.972Z";"4200.791";"update";"items.Drawing";;"3e35d787-e73b-4e42-b4bf-b2ced8c2fb5c";"mignotch";"UbikeyOfficeVertical/1.4.4 (HALLNUMSTA02)";"863a4d1b-37ff-43d6-b41b-58c754d45f79";;;;;;;;;;
"2019-10-08T13:26:19.361Z";"4212.18";"update";"items.Drawing";;"3e35d787-e73b-4e42-b4bf-b2ced8c2fb5c";"mignotch";"UbikeyOfficeVertical/1.4.4 (HALLNUMSTA02)";"863a4d1b-37ff-43d6-b41b-58c754d45f79";;;;;;;;;;
"2019-10-08T13:26:25.946Z";"4218.765";"update";"items.Transform";;"4971f73d-d845-4643-bc4b-c4831f5f7043";"mignotch";"UbikeyOfficeVertical/1.4.4 (HALLNUMSTA02)";"863a4d1b-37ff-43d6-b41b-58c754d45f79";;;;"1760.1";"609.6";"0";"1.3";;;
"2019-10-08T13:26:49.043Z";"4241.862";"update";"items.Drawing";;"3e35d787-e73b-4e42-b4bf-b2ced8c2fb5c";"mignotch";"UbikeyOfficeVertical/1.4.4 (HALLNUMSTA02)";"863a4d1b-37ff-43d6-b41b-58c754d45f79";;;;;;;;;;
"2019-10-08T13:27:06.369Z";"4259.188";"update";"items.Transform";;"578501be-5017-44b1-9810-6abae2bd0fc7";"mignotch";"UbikeyOfficeVertical/1.4.4 (HALLNUMSTA02)";"863a4d1b-37ff-43d6-b41b-58c754d45f79";;;;"1645.8";"860.9";"0";"1.2";;;
"2019-10-08T13:26:59.685Z";"4252.504";"update";"items.Text";;"4971f73d-d845-4643-bc4b-c4831f5f7043";"mignotch";"UbikeyOfficeVertical/1.4.4 (HALLNUMSTA02)";"863a4d1b-37ff-43d6-b41b-58c754d45f79";;;;;;;;"feuille planning sur 2 semaines (dans pochette plastifiee intégrée) ";;
"2019-10-08T13:27:17.390Z";"4270.209";"update";"items.Drawing";;"3e35d787-e73b-4e42-b4bf-b2ced8c2fb5c";"mignotch";"UbikeyOfficeVertical/1.4.4 (HALLNUMSTA02)";"863a4d1b-37ff-43d6-b41b-58c754d45f79";;;;;;;;;;
"2019-10-08T13:27:26.116Z";"4278.935";"update";"items.Transform";;"578501be-5017-44b1-9810-6abae2bd0fc7";"mignotch";"UbikeyOfficeVertical/1.4.4 (HALLNUMSTA02)";"863a4d1b-37ff-43d6-b41b-58c754d45f79";;;;"1649.2";"860.9";"0";"1.2";;;
"2019-10-08T13:27:30.756Z";"4283.575";"update";"items.Drawing";;"3e35d787-e73b-4e42-b4bf-b2ced8c2fb5c";"mignotch";"UbikeyOfficeVertical/1.4.4 (HALLNUMSTA02)";"863a4d1b-37ff-43d6-b41b-58c754d45f79";;;;;;;;;;
"2019-10-08T13:27:40.050Z";"4292.869";"update";"items.Drawing";;"3e35d787-e73b-4e42-b4bf-b2ced8c2fb5c";"mignotch";"UbikeyOfficeVertical/1.4.4 (HALLNUMSTA02)";"863a4d1b-37ff-43d6-b41b-58c754d45f79";;;;;;;;;;
"2019-10-08T13:27:51.486Z";"4304.305";"update";"items.Drawing";;"3e35d787-e73b-4e42-b4bf-b2ced8c2fb5c";"mignotch";"UbikeyOfficeVertical/1.4.4 (HALLNUMSTA02)";"863a4d1b-37ff-43d6-b41b-58c754d45f79";;;;;;;;;;
"2019-10-08T13:27:54.955Z";"4307.774";"update";"items.Transform";;"f835de2f-ac4a-479e-afca-4ec38b26ae2a";"mignotch";"UbikeyOfficeVertical/1.4.4 (HALLNUMSTA02)";"863a4d1b-37ff-43d6-b41b-58c754d45f79";;;;"596.7";"1156.1";"0";"1.3";;;
"2019-10-08T13:27:42.847Z";"4295.666";"update";"items.Text";;"578501be-5017-44b1-9810-6abae2bd0fc7";"mignotch";"UbikeyOfficeVertical/1.4.4 (HALLNUMSTA02)";"863a4d1b-37ff-43d6-b41b-58c754d45f79";;;;;;;;"feuille suivi + infos enfant (dans pochette plastifiee integree)";;
"2019-10-08T13:28:03.525Z";"4316.344";"update";"items.Transform";;"f835de2f-ac4a-479e-afca-4ec38b26ae2a";"mignotch";"UbikeyOfficeVertical/1.4.4 (HALLNUMSTA02)";"863a4d1b-37ff-43d6-b41b-58c754d45f79";;;;"598.9";"1155.9";"0";"1.3";;;
"2019-10-08T13:28:18.829Z";"4331.648";"update";"items.Drawing";;"3e35d787-e73b-4e42-b4bf-b2ced8c2fb5c";"mignotch";"UbikeyOfficeVertical/1.4.4 (HALLNUMSTA02)";"863a4d1b-37ff-43d6-b41b-58c754d45f79";;;;;;;;;;
"2019-10-08T13:28:11.011Z";"4323.83";"update";"items.Text";;"f835de2f-ac4a-479e-afca-4ec38b26ae2a";"mignotch";"UbikeyOfficeVertical/1.4.4 (HALLNUMSTA02)";"863a4d1b-37ff-43d6-b41b-58c754d45f79";;;;;;;;"pochette légère où glisser 2 cahiers-feuillets avec bretelles";;
"2019-10-08T13:28:46.709Z";"4359.528";"update";"items.Drawing";;"3e35d787-e73b-4e42-b4bf-b2ced8c2fb5c";"mignotch";"UbikeyOfficeVertical/1.4.4 (HALLNUMSTA02)";"863a4d1b-37ff-43d6-b41b-58c754d45f79";;;;;;;;;;
"2019-10-08T13:29:11.738Z";"4384.557";"update";"items.Drawing";;"3e35d787-e73b-4e42-b4bf-b2ced8c2fb5c";"mignotch";"UbikeyOfficeVertical/1.4.4 (HALLNUMSTA02)";"863a4d1b-37ff-43d6-b41b-58c754d45f79";;;;;;;;;;
"2019-10-08T13:29:18.810Z";"4391.629";"update";"items.Transform";;"f12de22b-bbe4-4d4e-8e6f-b6362c13fa3d";"mignotch";"UbikeyOfficeVertical/1.4.4 (HALLNUMSTA02)";"863a4d1b-37ff-43d6-b41b-58c754d45f79";;;;"1022.0";"344.5";"0";"1.8";;;
"2019-10-08T13:29:19.494Z";"4392.313";"update";"items.Drawing";;"3e35d787-e73b-4e42-b4bf-b2ced8c2fb5c";"mignotch";"UbikeyOfficeVertical/1.4.4 (HALLNUMSTA02)";"863a4d1b-37ff-43d6-b41b-58c754d45f79";;;;;;;;;;
"2019-10-08T13:29:33.308Z";"4406.127";"update";"items.Drawing";;"3e35d787-e73b-4e42-b4bf-b2ced8c2fb5c";"mignotch";"UbikeyOfficeVertical/1.4.4 (HALLNUMSTA02)";"863a4d1b-37ff-43d6-b41b-58c754d45f79";;;;;;;;;;
"2019-10-08T13:29:41.152Z";"4413.971";"update";"items.Transform";;"f12de22b-bbe4-4d4e-8e6f-b6362c13fa3d";"mignotch";"UbikeyOfficeVertical/1.4.4 (HALLNUMSTA02)";"863a4d1b-37ff-43d6-b41b-58c754d45f79";;;;"1006.0";"314.4";"0";"1.8";;;
"2019-10-08T13:29:59.674Z";"4432.493";"update";"items.Drawing";;"c48c47b6-ea0d-4c10-97f1-344348562e8a";"mignotch";"UbikeyOfficeVertical/1.4.4 (HALLNUMSTA02)";"863a4d1b-37ff-43d6-b41b-58c754d45f79";;;;;;;;;;
"2019-10-08T13:30:10.983Z";"4443.802";"update";"items.Drawing";;"c48c47b6-ea0d-4c10-97f1-344348562e8a";"mignotch";"UbikeyOfficeVertical/1.4.4 (HALLNUMSTA02)";"863a4d1b-37ff-43d6-b41b-58c754d45f79";;;;;;;;;;
"2019-10-08T13:30:28.917Z";"4461.736";"update";"items.Drawing";;"c48c47b6-ea0d-4c10-97f1-344348562e8a";"mignotch";"UbikeyOfficeVertical/1.4.4 (HALLNUMSTA02)";"863a4d1b-37ff-43d6-b41b-58c754d45f79";;;;;;;;;;
"2019-10-08T13:30:42.408Z";"4475.227";"update";"items.Drawing";;"3e35d787-e73b-4e42-b4bf-b2ced8c2fb5c";"mignotch";"UbikeyOfficeVertical/1.4.4 (HALLNUMSTA02)";"863a4d1b-37ff-43d6-b41b-58c754d45f79";;;;;;;;;;
"2019-10-08T13:30:57.303Z";"4490.122";"update";"items.Drawing";;"3e35d787-e73b-4e42-b4bf-b2ced8c2fb5c";"mignotch";"UbikeyOfficeVertical/1.4.4 (HALLNUMSTA02)";"863a4d1b-37ff-43d6-b41b-58c754d45f79";;;;;;;;;;
"2019-10-08T13:31:08.244Z";"4501.063";"update";"items.Drawing";;"3e35d787-e73b-4e42-b4bf-b2ced8c2fb5c";"mignotch";"UbikeyOfficeVertical/1.4.4 (HALLNUMSTA02)";"863a4d1b-37ff-43d6-b41b-58c754d45f79";;;;;;;;;;
"2019-10-08T13:31:53.777Z";"4546.596";"update";"items.Drawing";;"3e35d787-e73b-4e42-b4bf-b2ced8c2fb5c";"mignotch";"UbikeyOfficeVertical/1.4.4 (HALLNUMSTA02)";"863a4d1b-37ff-43d6-b41b-58c754d45f79";;;;;;;;;;
"2019-10-08T13:32:01.800Z";"4554.619";"update";"items.Drawing";;"3e35d787-e73b-4e42-b4bf-b2ced8c2fb5c";"mignotch";"UbikeyOfficeVertical/1.4.4 (HALLNUMSTA02)";"863a4d1b-37ff-43d6-b41b-58c754d45f79";;;;;;;;;;
"2019-10-08T13:32:08.074Z";"4560.893";"update";"items.Drawing";;"3e35d787-e73b-4e42-b4bf-b2ced8c2fb5c";"mignotch";"UbikeyOfficeVertical/1.4.4 (HALLNUMSTA02)";"863a4d1b-37ff-43d6-b41b-58c754d45f79";;;;;;;;;;
"2019-10-08T13:32:15.687Z";"4568.506";"update";"items.Drawing";;"3e35d787-e73b-4e42-b4bf-b2ced8c2fb5c";"mignotch";"UbikeyOfficeVertical/1.4.4 (HALLNUMSTA02)";"863a4d1b-37ff-43d6-b41b-58c754d45f79";;;;;;;;;;
"2019-10-08T13:32:24.846Z";"4577.665";"update";"items.Drawing";;"c48c47b6-ea0d-4c10-97f1-344348562e8a";"mignotch";"UbikeyOfficeVertical/1.4.4 (HALLNUMSTA02)";"863a4d1b-37ff-43d6-b41b-58c754d45f79";;;;;;;;;;
"2019-10-08T13:32:40.371Z";"4593.19";"update";"items.Drawing";;"3e35d787-e73b-4e42-b4bf-b2ced8c2fb5c";"mignotch";"UbikeyOfficeVertical/1.4.4 (HALLNUMSTA02)";"863a4d1b-37ff-43d6-b41b-58c754d45f79";;;;;;;;;;
"2019-10-08T13:33:05.065Z";"4617.884";"update";"items.Drawing";;"3e35d787-e73b-4e42-b4bf-b2ced8c2fb5c";"mignotch";"UbikeyOfficeVertical/1.4.4 (HALLNUMSTA02)";"863a4d1b-37ff-43d6-b41b-58c754d45f79";;;;;;;;;;
"2019-10-08T13:33:22.646Z";"4635.465";"update";"items.Drawing";;"3e35d787-e73b-4e42-b4bf-b2ced8c2fb5c";"mignotch";"UbikeyOfficeVertical/1.4.4 (HALLNUMSTA02)";"863a4d1b-37ff-43d6-b41b-58c754d45f79";;;;;;;;;;
"2019-10-08T13:34:48.451Z";"4721.27";"update";"items.Transform";;"790ceb2a-33aa-4faf-9e7a-d45d897d1d7a";"mignotch";"UbikeyOfficeVertical/1.4.4 (HALLNUMSTA02)";"863a4d1b-37ff-43d6-b41b-58c754d45f79";;;;"1005.1";"1254.2";"0";"1.3";;;
"2019-10-08T13:35:06.051Z";"4738.87";"update";"items.Drawing";;"c48c47b6-ea0d-4c10-97f1-344348562e8a";"mignotch";"UbikeyOfficeVertical/1.4.4 (HALLNUMSTA02)";"863a4d1b-37ff-43d6-b41b-58c754d45f79";;;;;;;;;;
"2019-10-08T13:35:35.444Z";"4768.263";"update";"items.Transform";;"39f87a9c-d334-478e-b657-eea03d4801f2";"mignotch";"UbikeyOfficeVertical/1.4.4 (HALLNUMSTA02)";"863a4d1b-37ff-43d6-b41b-58c754d45f79";;;;"422.6";"182.4";"0";"1.0";;;
"2019-10-08T13:35:50.361Z";"4783.18";"update";"items.Drawing";;"3e35d787-e73b-4e42-b4bf-b2ced8c2fb5c";"mignotch";"UbikeyOfficeVertical/1.4.4 (HALLNUMSTA02)";"863a4d1b-37ff-43d6-b41b-58c754d45f79";;;;;;;;;;
"2019-10-08T13:35:39.757Z";"4772.576";"update";"items.Text";;"39f87a9c-d334-478e-b657-eea03d4801f2";"mignotch";"UbikeyOfficeVertical/1.4.4 (HALLNUMSTA02)";"863a4d1b-37ff-43d6-b41b-58c754d45f79";;;;;;;;"20 pages = 40 g";;
"2019-10-08T13:36:00.583Z";"4793.402";"update";"items.Drawing";;"3e35d787-e73b-4e42-b4bf-b2ced8c2fb5c";"mignotch";"UbikeyOfficeVertical/1.4.4 (HALLNUMSTA02)";"863a4d1b-37ff-43d6-b41b-58c754d45f79";;;;;;;;;;
"2019-10-08T13:37:17.389Z";"4870.208";"update";"items.Drawing";;"3e35d787-e73b-4e42-b4bf-b2ced8c2fb5c";"mignotch";"UbikeyOfficeVertical/1.4.4 (HALLNUMSTA02)";"863a4d1b-37ff-43d6-b41b-58c754d45f79";;;;;;;;;;
"2019-10-08T13:39:48.052Z";"5020.871";"update";"items.Drawing";;"3e35d787-e73b-4e42-b4bf-b2ced8c2fb5c";"mignotch";"UbikeyOfficeVertical/1.4.4 (HALLNUMSTA02)";"863a4d1b-37ff-43d6-b41b-58c754d45f79";;;;;;;;;;
"2019-10-08T13:40:00.867Z";"5033.686";"create";"items";"LayeredItem";"ca574128-1224-4d77-846a-45e7523ac49f";"mignotch";"UbikeyOfficeVertical/1.4.4 (HALLNUMSTA02)";"863a4d1b-37ff-43d6-b41b-58c754d45f79";"c0f71c5d-0607-44a5-8291-bf43ba51a743";;"5139f7e7-51c8-4495-a9a4-30969cba1e34";"761.0";"711.0";"0";"1.0";;;
"2019-10-08T13:40:00.924Z";"5033.743";"create";"items";"DrawingLayer";"f1126ed1-49aa-4503-9ca3-ed9eaff9e493";"mignotch";"UbikeyOfficeVertical/1.4.4 (HALLNUMSTA02)";"863a4d1b-37ff-43d6-b41b-58c754d45f79";"c0f71c5d-0607-44a5-8291-bf43ba51a743";;"ca574128-1224-4d77-846a-45e7523ac49f";;;;;;;
"2019-10-08T13:40:05.940Z";"5038.759";"update";"items.Transform";;"ca574128-1224-4d77-846a-45e7523ac49f";"mignotch";"UbikeyOfficeVertical/1.4.4 (HALLNUMSTA02)";"863a4d1b-37ff-43d6-b41b-58c754d45f79";;;;"753.2";"754.2";"0";"1.0";;;
"2019-10-08T13:40:15.365Z";"5048.184";"update";"items.Drawing";;"f1126ed1-49aa-4503-9ca3-ed9eaff9e493";"mignotch";"UbikeyOfficeVertical/1.4.4 (HALLNUMSTA02)";"863a4d1b-37ff-43d6-b41b-58c754d45f79";;;;;;;;;;
"2019-10-08T13:40:21.078Z";"5053.897";"update";"items.Drawing";;"f1126ed1-49aa-4503-9ca3-ed9eaff9e493";"mignotch";"UbikeyOfficeVertical/1.4.4 (HALLNUMSTA02)";"863a4d1b-37ff-43d6-b41b-58c754d45f79";;;;;;;;;;
"2019-10-08T13:40:35.908Z";"5068.727";"update";"items.Drawing";;"f1126ed1-49aa-4503-9ca3-ed9eaff9e493";"mignotch";"UbikeyOfficeVertical/1.4.4 (HALLNUMSTA02)";"863a4d1b-37ff-43d6-b41b-58c754d45f79";;;;;;;;;;
"2019-10-08T13:41:19.009Z";"5111.828";"update";"items.Drawing";;"f1126ed1-49aa-4503-9ca3-ed9eaff9e493";"mignotch";"UbikeyOfficeVertical/1.4.4 (HALLNUMSTA02)";"863a4d1b-37ff-43d6-b41b-58c754d45f79";;;;;;;;;;
"2019-10-08T13:42:09.340Z";"5162.159";"update";"items.Drawing";;"f1126ed1-49aa-4503-9ca3-ed9eaff9e493";"mignotch";"UbikeyOfficeVertical/1.4.4 (HALLNUMSTA02)";"863a4d1b-37ff-43d6-b41b-58c754d45f79";;;;;;;;;;
